Position,Youtube title,Artist,Track title,Spotify URL
1,Minnie Riperton Les Fleurs,Minnie Riperton,Les Fleurs,spotify:track:5ZBZSepIdSYbPaTSZLvZBU
2,heart love,Ismar Vehabovic,I Love Your Heart - Original Mix,spotify:track:0y7Lqq4QvuQcLkZViejvXr
3,Aphrodite's Child The Four Horsemen,Aphrodite's Child,The Four Horsemen,spotify:track:7jl7JwROOrvf0yOLF4AKfI
4,This Will Be Our Year The Zombies,The Zombies,This Will Be Our Year,spotify:track:02KpkaZbiutsR0ucxce4Sh
5,Le Orme Ad Gloriam,Le Orme,Ad Gloriam,spotify:track:5r0l5YdyIIjxRF5B8O3YbT
6,Marlena Shaw California Soul,Marlena Shaw,California Soul,spotify:track:6S7PklMjEABORVAVCJieET
7,jeannie piersol the nest,,,
8,Koushik Battle Rhymes for Battle Times,Koushik,Battle Rhymes For Battle Times,spotify:track:0NUQ2MOitWlFUgsPzpAyWr
9,Madvillain Supervillain Theme Madvillainy Full Album,,,
10,Main Source Live At The Barbeque Nas Akinyele Joe Fatal,,,
11,Sonny Sharrock Blind Willie Black Woman,Sonny Sharrock,Blind Willie,spotify:track:2zEWjJxi0zQv4yKhB8fxZn
12,Gloria Ann Taylor Love is a hurting thing,,,
13,Journey In Satchindananda,,,
14,Shalimar Baby Let's Dance Together,Kittu,Baby Let's Dance Together - Shalimar / Soundtrack Version,spotify:track:5t3fVyBhACUMsxTmP9Ldqp
15,Manfred Mann one way glass,Manfred Mann Chapter 3,One Way Glass,spotify:track:374ngSkLm31eDGguT6GzQk
16,Gary Davis The Professor Here,Gary Davis,The Professor Here,spotify:track:5PNbxF98bOkqi8MnAbB0h7
17,Olmal M Olmamal M B lent Orta gil Kadir nan r M jde Ar,,,
18,Canned Heat On The Road Again HQ,,,
19,Antena Camino Del Sol,Antena,Camino del Sol,spotify:track:164x73EfS67eCWhm2MvHgP
20,Arthur Russell In The Light of The Miracle,Lonnie Holley,In The Light Of The Miracle (Interlude),spotify:track:0zZcowaOl6u5qMpCOZ9tRs
21,Nina Simone 22nd Century,Nina Simone,22nd Century,spotify:track:0jwarkgb5rAyYE70y1ma4m
22,My Bloody Valentine Swallow,My Bloody Valentine,Swallow,spotify:track:4lYac7OxuhaKYV75XDkRBS
23,Four Tet 'Glasshead',Four Tet,Glasshead,spotify:track:7F1iwsAeDcplnk8FDyNb63
24,Sidney Owens North South Connection Sputnik Vinyl YouTub,,,
25,Thomas Mapfumo Shumba,Thomas Mapfumo,Shumba Dzenhabvu (The Lions Of Soccer),spotify:track:6Bki69MU365FUXvyGX2ACG
26,Wire Outdoor Miner 7,,,
27,Celia Na Boca Do Sol,Celia,Na Boca do Sol,spotify:track:60MZFihVOUinG6FY6ZI9l2
28,I LOVE HOW YOU LOVE ME The Paris Sisters,The Paris Sisters,I Love How You Love Me,spotify:track:4gYnBYLtYTbzxbZ0NCiGdv
29,Demon Fuzz Disillusioned Man,Demon Fuzz,Disillusioned Man,spotify:track:4dRbU9UACEfbcsarUcJSGX
30,Baby Huey Hard Times,Baby Huey & The Baby Sitters,Hard Times,spotify:track:7ycU5Bxfn2fIZjXJypfdRM
31,rail band nanthan,,,
32,Skye ain't no need,,,
33,DIZZY K be my friend,,,
34,Boz Scaggs Lowdown,Boz Scaggs,Lowdown,spotify:track:20MxJN12WEqU5eWsuCrwM5
35,Dr Philter Banx High Heels And Mirrored Thighs Vinyl,,,
36,Pheeroan Ak Laff House of Spirit Mirth 3 in 1,,,
37,CALUNG DARSO ARARATEUL,,,
38,Jean Luc Ponty Computer Incantations for World Peace,Jean-Luc Ponty,Computer Incantations For World Peace,spotify:track:13UMkdShZzPjVmqxrrlUmi
39,Basstone house nation mix,Sole Fusion,Basstone - House Nation Mix,spotify:track:4I1lgsenhoV8ThVZ1kw8Yv
40,Dem 2 Broke My Heart,,,
41,st germain alabama blues todd edwards dub mix,,,
42,D2 45rpm Raga Malkauns Charanjit Singh Synthesizing Ten Ragas to a Disco Beat,,,
43,The other people place Let me be me,The Other People Place,Let Me Be Me,spotify:track:47zkCLr3a9kM4wGNEbiJzh
44,Missy Elliott ft Timbaland Nicole Wray Mocha Hit Em Wit Da Hee remix,,,
45,Warren G Regulate ft Nate Dogg,,,
46,Misery Train,Conduits,Misery Train,spotify:track:6mbFJCmhWjZgC9cjZi3cy0
47,J Dilla Fuck the Police,,,
48,Superthug Noreaga HD and uncensored,,,
49,Gang Starr Credit is Due,Gang Starr,Credit Is Due,spotify:track:0NKFZi9RWmbo7i6u6BCRDe
50,Kanye West Livin' a Movie,,,
51,BURUNDI BLACK Burundi Black,Burundi Black,Burundi Black - Rusty Egan First Remix,spotify:track:07hQVmI0cJxzbVBtZDKtnn
52,Codek Tim toum,,,
53,Rotary Connection Want You To Know,Rotary Connection,Want You To Know,spotify:track:3S97Ihwrb5YJdNZrkKHHI5
54,Emeralds Genetic,Emeralds,Genetic,spotify:track:1LrhDHlsMNlMZ6CNG7Kfkl
55,Harmonia Watussi,Harmonia,Watussi,spotify:track:36gMESkRYLItr52xI4PoLD
56,The Feed Back The Feed Back,Michael Malarkey,Through the Night and Back Again,spotify:track:5Xr53MXaTm2qt0SYivz1qR
57,The Stark Reality Rocket Ship,Stark Reality,Rocket Ship,spotify:track:0Z7p7vLmpOAllhVmpkn3PX
58,Silver Apples Seagreen Serenade,,,
59,DJ SS Black,DJ Ss,Black,spotify:track:1coVYNGePes93pMMbkA2lS
60,ANDREW HILL Hey Hey,Andrew Hill,Hey Hey - 2001 - Remaster,spotify:track:5zzOQTNanSsgSbJUXOGPtg
61,Ariel kalma Message 18 10 77,,,
62,Shuggie Otis Strawberry Letter 23,Shuggie Otis,Strawberry Letter 23,spotify:track:4W8IEREeLldaSQyGXcZQ2I
63,Arawak Accadde A Bali,,,
64,Armando Downfall,Armando,Downfall,spotify:track:7ePqi2suFQBlNSgxI3vULO
65,Bar Man o G n l Da,,,
66,Baris Manco Lambaya Puf De,Barış Manço,Lambaya Püf De,spotify:track:47Ar6XLLUq5BtMn06NihJo
67,Batsumi Lishonile,Batsumi,Lishonile,spotify:track:37MoE5hlru5hC1ZUghxAqr
68,BILLY BYRD LOST IN THE CROWD,Billy Byrd,Lost in the Crowd,spotify:track:4ZYciALLiLv1RCYeoEJfor
69,DISCO Bob Chance It's Broken,,,
70,Usher Climax,Usher,Climax,spotify:track:6cNajGUxKP53LIg0LzlfQt
71,Lil Wayne I'm Single Instrumental,DJ Covers,I'm Single - Originally By Lil Wayne (Karaoke / Instrumental),spotify:track:5KhQASAPb5IGzq2o0sjgNP
72,Ifang Bondi Saraba,,,
73,george gruntz Ghitta,,,
74,12 Jef Gilson Malagasy Valiha Del Jazzman,,,
75,Todd Terry Presents Sound Design Searchin',,,
76,Transvolta Disco Computer,,,
77,Steve Parks Still Thinking Of You,Steve Parks,Still Thinking Of You,spotify:track:4sYZa3GHw9JlSbBgdWXWhV
78,Delia Gonzalez Gavin Russom Relevee Carl Craig remix,Delia Gonzalez,Relevee - Carl Craig Remix,spotify:track:7xk6nw5KJZIZOkMNFxPZ9n
79,Skip Jackson The Natural Experience Microwave Boogie 12 8 32 version,,,
80,Some Treat Lost In Vegas,,,
81,UK Garage Wookie Scrappy,,,
82,Shadow Let's Get It Together,,,
83,Hot Soho,Soho,Hot Music,spotify:track:4AWfAGx1jZE1rL0yTaSpF3
84,Rhythm Sound Cornel Campbell King in my Empire,Rhythm & Sound,King in My Empire (with Cornel Campbell),spotify:track:1i4KkAHiiTKHh8ysCSMvsJ
85,The Congo's Fisherman,,,
86,LANCELOT LAYNE Yo Think It Sorf JUMBIE BEAD,,,
87,4D Fauve Moderne Flexi version,,,
88,Tsegue Maryam Guebrou Piano Solo Full Album,,,
89,Paul Giovanni Willow's Song,Paul Giovanni,Willow's Song,spotify:track:5u1UqZGYgTKAJGPqLzDzFW
90,lard free warinobaril,Lard Free,Warinobaril,spotify:track:1TNdgnwmTlRGbTVrfthfpn
91,Adolf Stern More I Like It,,,
92,Smithstonian Mississippi Mud,,,
93,Abaco Dream Catwoman,,,
94,Sly The Family Stone Runnin Away,Sly & The Family Stone,Runnin' Away - single version,spotify:track:0yMhprf2FVbT9Aew8DPbkm
95,Freeway What We Do ft JAY Z Beanie Sigel,,,
96,Jay Z Kingdom Come Instrumental Produced By Just Blaze,,,
97,Jeru The Damaja Come Clean,Guru,Come Clean,spotify:track:6h1XGMes6gJtYTGfb1TUup
98,Kool G Rap Take 'Em To War,Kool G Rap,Take 'Em To War,spotify:track:13G98KS1boETtXSDkK2bAH
99,Cloud One ft Margo Williams Don't Let My Rainbow Pass Me By Slayd5000,,,
100,Nightlife Unlimited Peaches Prunes it's magic Ron Hardy Re Edit,,,
101,Miss broadway Belle epoque,Belle Epoque,Miss Broadway - Gazeebo Edit,spotify:track:1BhyHULBGRlHsy8K8ixTQ4
102,Rim and Kasa Love Me For Real,,,
103,Dennis Coffey Wings Of Fire,,,
104,Kasso Key West Jellybean Edit,,,
105,Broadcast Black Cat,Broadcast,Black Cat,spotify:track:2u24s40bXEMu896fEs1L9L
106,Mercury Rev Car Wash Hair,Mercury Rev,Car Wash Hair - Full Pull,spotify:track:6ldjG3WhbOmA2wJfqfAGBV
107,Lightning Bolt 2 Towers,Lightning Bolt,2 Towers,spotify:track:2AO2Y5ekg37n7qeFDT5xXz
108,Wire The 15th,Wire,The 15th - 2006 Digital Remaster,spotify:track:09yW4puUYZDi8qbshroNI6
109,Boredoms Vision Creation Newsun,Boredoms,(circle),spotify:track:7JogZrlqVUkJVyR86azQdG
110,Neutral Milk Hotel Ghost Studio,,,
111,Albert Ayler Spiritual Unity 01 Ghosts_first variation,,,
112,Kraftwerk Neon Lights,Kraftwerk,Neon Lights - 2009 Remastered Version,spotify:track:1krBKWusytTAT2jNWJGA7m
113,Kraftwerk Kraftwerk Ruckzuck HD,,,
114,Kraftwerk Computer Love,Kraftwerk,Computer Love - 2009 Remastered Version,spotify:track:5BXBi5pLeJhblMVH2ltjpl
115,Lateral Pass Song IV Quintet Peter Zummo,Arthur Russell,Lateral Pass: IV. Song IV (quintet),spotify:track:5P57MtejiuAod5l9bUmadS
116,Arthur Russell Tone Bone Kone,Arthur Russell,Tone Bone Kone,spotify:track:4FoGE0L20PUxRbEcxlY1yA
117,That's Us Wild Combination,Arthur Russell,That's Us/Wild Combination,spotify:track:0WD900RjyjBcxtGu3baTAb
118,Lilys Kodiak Reprise,,,
119,The Byrds Draft Morning,The Byrds,Draft Morning,spotify:track:33zGvjukiRoJgW6JWY0FMo
120,Ride Vapour Trail,Ride,Vapour Trail,spotify:track:58AWfmYbSeMywgJtXkey7Q
121,Cocteau Twins Blind Dumb Deaf BBC Sessions,,,
122,Placebo Humpty Dumpty,Marc Moulin,Humpty Dumpty - 2006 Digital Remaster;2006 - Remaster;,spotify:track:3rzenzs3lpi1XljKsZQ2Bl
123,The Millennium Prelude To Claudia On Thursday from 's BEGIN,,,
124,Billy Nicholls Girl from New York,,,
125,The Free Design Make the Madness Stop,The Free Design,Make The Madness Stop,spotify:track:1eoOnpiLOgHzFowI3YrBRV
126,The Cyrkle The Visit she was here,The Cyrkle,The Visit (She Was Here),spotify:track:5dIcC2RTD2BOHTC1F0jrIN
127,Joe Pass A Time For Us,Joe Pass,A Time For Us,spotify:track:2cw0lA6uJaHaVT8vuGlPbR
128,Led Zeppelin Over The Hills And Far Away HQ,,,
129,rainbows dennis wilson,Dennis Wilson,Rainbows,spotify:track:0mONC9WyQSPG869cO2zfIL
130,We All Together Children,We All Together,Children,spotify:track:2mOXxO1MDRe2bUzRcqivk1
131,01 How can l be down,,,
132,MARC MOULIN balek,Marc Moulin,Balek - 2006 - Remaster;,spotify:track:1GUgqF77sGkWcfNanOr2rE
133,Alice Babs Been to Canaan,Alice Babs,Been To Canaan,spotify:track:5C6Hew8aXlZbzcZrgfvObn
134,ART ENSEMBLE OF CHICAGO Theme De Yoyo,Art Ensemble Of Chicago,Thème de Yoyo,spotify:track:6fiG1M6mhrH82dgNwlRjJ1
135,The Heath Brothers Smilin' Billy Suite Pt II,,,
136,Weather Report Non Stop Home,Weather Report,Non-Stop Home,spotify:track:38PcKj7FabS1vc3b4EAioL
137,Alice Coltrane Joe Henderson Earth,Joe Henderson,Earth,spotify:track:0KizVXOuCH6af4LOPOwfR1
138,melted soul,Cha Cha Shaw,Melted Soul,spotify:track:0TLWi93tj4PtGFHK1SIR9i
139,DAVID LEE JR COSMIC VISION,,,
140,David Lee Jr I Want Our Love To Always Last,,,
141,Eddie Gale The Rain,Eddie Gale,The Rain,spotify:track:4R4mB2JBZ5To3pMLXEcSRe
142,Eddie Gale Black Rhythm Happening,Eddie Gale,Black Rhythm Happening,spotify:track:2dSxJqah1Q6S2T5Q6cmPZZ
143,Alice Coltrane Huntington Ashram Monastery,Alice Coltrane,Paramahansa Lake,spotify:track:3DOdq0LP6z8GzVSQY30Alz
144,Prince of Peace Pharoah Saunders Leon Thomas,,,
145,John Coltrane Kulu S Mama,,,
146,Pharoah Sanders The Creator Has A Master Plan,Pharoah Sanders,The Creator Has a Master Plan,spotify:track:5Wge39sTGR3Ue7G4XrDOPa
147,Sun Ra If you Find earth Boring,,,
148,Sun Ra Lanquidity,Giorgio Gaslini,Lanquidity,spotify:track:6zDbU9fH30DTjwe26cZebY
149,Phil Ranelin Vibes From The Tribe,,,
150,Max Roach Garvey' s Ghost,,,
151,Marta Acuna Dance Dance Dance Disco,Marta Acuna,"Dance, Dance, Dance (Disco Version)",spotify:track:0QqE4joYSAVv91GkwaZuRf
152,SYLVESTER 'OVER OVER',Sylvester,Over And Over,spotify:track:6RewYu2hTmEuiSRSGUTPH5
153,Disco Down Jesse Gould Out Of Work,,,
154,Queen Yahna Ain't It Time Instrumental,Queen Yahna,Ain't It Time (Instrumental),spotify:track:0VPPU93SAqgSO85lMvGeAS
155,Jesse Gee That's Hot,,,
156,PHILIPPE BESOMBES HACHE 06 FRANCE,,,
157,Ilous Decuyper Berceuse,Ilous & Decuyper,Berceuse,spotify:track:2x7OjYBx3lbvu9dH3FQMyy
158,Philippe Besombes Jean Louis Rizet Lundi Matin P le,,,
159,P le Haute Pression Besombes Rizet,,,
160,Tom Scott Today,Tom Scott,Today,spotify:track:4i5hLY7mNIp70YhZveeItm
161,Henri Roger Images part one,,,
162,Dorothy Ashby Essence Of Sapphire,Dorothy Ashby,Essence Of Sapphire,spotify:track:64hIGVT0pT44TP0PGGZ2aU
163,CAN Future Days,Can,Future Days,spotify:track:4KdjQ2DMs845e6Ag6TO6Yg
164,CAN Vitamin C,Can,Vitamin C - 2004 Remastered Version,spotify:track:4YCHe8aj0sEkNRJKGkHy4R
165,Ananda Shankar 08 Raghupati by EarpJohn,,,
166,Joe McPhee Shakey Jake,Joe Mcphee,Shakey Jake,spotify:track:3498LN13tEg0Kn1Bua0I3z
167,Joe McPhee and John Snyder Windows in Dreams,,,
168,KARRIEM I love you Pashlo records,,,
169,William Onyeabor When the Going Is Smooth Good,William Onyeabor,When the Going is Smooth & Good,spotify:track:0ZxEVXaa9pacsQcpdxy6Ib
170,William Onyeabor Good Name,William Onyeabor,Good Name,spotify:track:280ug6L9DqErWjRYws1xp8
171,Jean Schwarz Prologue Maison Rouge,,,
172,Bruce Ditmas Yellow,,,
173,Vito Ricci The Ship Was Sailing,,,
174,Lena Platonos Shadow Of Blood,,,
175,Niama Makalou Kognokoura m4v,,,
176,Zamaane Ko Dikhana Hai Dil Lena Khel Hai Dildaar Ka,,,
177,Bernard Bonnier I can't sing,Bernard Bonnier,I Can't Sing ...,spotify:track:61NAefEIttrkF8xGtF88PY
178,Eskaton Dagon,Eskaton,Dagon,spotify:track:5nrb4RxsAv43kqBRNbQCw6
179,A Number Of Names 'Sharevari' Capriccio,,,
180,Don Cherry Bra Joe From Kilimanjaro Terry's Tune Organic Society,,,
181,The Albert One Life,The Albert,One Life,spotify:track:2CiC8bEsSjUHae0wvz9gei
182,Cross Country by Archie Whitewater,,,
183,John Klemmer Free Soul,John Klemmer,Free Soul,spotify:track:3sYgpIzjS1VJSxrPZ4yTJ4
184,Rashied Ali Frank Lowe Exchange Part 1,Rashied Ali,Exchange Part 1,spotify:track:67yKwuUdK7GmLrFjAvOf8i
185,elisio and voz de cabo verde capchona,,,
186,Tony Wilson Hangin' Out In Space Connection Records,,,
187,Changin' Sharon Ridley,Ms. (Sharon) Ridley,Changin',spotify:track:4hoCFXwPfVeXvR8mN4leaz
188,Sunbelt Spin it High Energy Polymarchs,,,
189,Z Factor B2 Fast Cars,,,
190,Iration Steppas Iration Steppas vs Dennis Rootical,,,
191,Belle Epoque 'Miss Broadway,Belle Epoque,Miss Broadway - Gazeebo Edit,spotify:track:1BhyHULBGRlHsy8K8ixTQ4
192,Discoth que Disco Special,,,
193,Eddy Grant Time Warp 12'' VERSION,,,
194,Dennis Coffey Wings Of Fire,,,
195,Jackson Sisters I Believe in Miracles Soul Funk,Jackson Sisters,I Believe In Miracles - Extended Version,spotify:track:2zZXjlrRupK7Ze8pr9RDl9
196,Foster Sylvers Misdemeanor,,,
197,The Flirts Passion 12 Version,The Flirts,Passion - Long Version,spotify:track:6nwM11muz9Aj4YUsbypkcg
198,Liquid Liquid Optimo,Liquid Liquid,Optimo,spotify:track:7KS7EfTOFYoBudtsJlj6E2
199,Stephen Encinas Disco Illusion,,,
200,Stephen Encinas Lypso Illusion,,,
201,al hudson the soul partners SPREAD LOVE,,,
202,Cloud One Atmosphere Strut Disco,Cloud One,Disco Juice,spotify:track:5ZQNnMFsFckRcrBivPNUID
203,GINNY CAN'T BE SERIOUS,,,
204,Magnetisch Touch Falling In Love With A Dream Deur Jackie,,,
205,Magnetic Touch Nothing To It,Magnetic Touch,Nothing To It,spotify:track:7k4DsFsYFoscmAcKGjg0v3
206,Roy Ayers Running Away 12 Version,Roy Ayers Ubiquity,"Running Away - 12"" Long Version",spotify:track:0FypsIq8EJr7AQkeeDf7VO
207,Black Ivory Mainline,Black Ivory,Mainline - Live 1996,spotify:track:373vIp6t3xbcqmk5nQbggx
208,Action 78 EXTENDED 12 VERSION Erotic Drum Band,,,
209,Black Devil Disco Club H Friend,,,
210,Mary Jane Girls All Night Long,Mary Jane Girls,All Night Long,spotify:track:3y0WcZjvgK1t8GdMtuNfOk
211,Babe Ruth The Mexican,Babe Ruth,The Mexican,spotify:track:0FFbJzXvag9ZRel7oNa1wU
212,Clyde Alexander Sanction Got To Get Your Love,Clyde Alexander & Sanction,Got To Get Your Love,spotify:track:5gBJXnhcYKWCntMpBcS5rR
213,Motown Sounds Bad Mouthin',,,
214,Oluko Imo Praise Jah Rare 45 Version,,,
215,Strafe 'Set It Off' Jus Born,,,
216,Black Cock Give It Up,,,
217,Isaac Hayes Can't Turn Around Ron Hardy's Edit,,,
218,Douglas Leedy Entropical Paradise I,Douglas Leedy,Entropical Paradise I,spotify:track:2ITirq4G9paBNoyUrxD2Zz
219,Amerie 1 Thing,Amerie,1 Thing,spotify:track:6ZyNjT2hYvfV5PuW84dp1E
220,Juvenile Back That Ass Up,,,
221,Petey Pablo Raise Up,Petey Pablo,Raise Up,spotify:track:02GwPAncasVL82yC7y2hmN
222,Three 6 Mafia Sippin' on Some Syrup,Three 6 Mafia,Sippin On Some Syrup,spotify:track:2EduiM2UNwjCC7PsLxnOCH
223,Nas Made You Look,Nas,Made You Look,spotify:track:3qRPc4QpHGNwKFAzCdqwxA
224,Slum Village Fall In Love,Slum Village,Fall in Love,spotify:track:7f1KEQeZhfiigX131qdQbU
225,Brandy What About Us,Brandy,What About Us? - Radio Mix,spotify:track:0eekSctODhz1mYa5zatZ7f
226,Cam'Ron Oh Boy,Cam'Ron,Oh Boy,spotify:track:4gdQ8QShlC3toP9Mkc8DwB
227,Clipse Grindin',Clipse,Grindin' - Main,spotify:track:3XrvEifl0hIzgBGUa5jBLS
228,Justin Timberlake Cry Me A River,Justin Timberlake,Cry Me a River,spotify:track:7Lf7oSEVdzZqTA0kEDSlS5
229,Brandy Monica The Boy Is Mine Lyrics,,,
230,Kanye West Through The Wire,Kanye West,Through The Wire,spotify:track:3KUpGMnZL76I9E7FoWV1re
231,Hey Papi Jay z,Nutty Professor The Klumps Soundtrack,Hey Papi,spotify:track:67wknyyIZ0J3OYlnausZq9
232,Jay Z Takeover,JAY Z,Takeover,spotify:track:135lkyQRwFlWfmHjJTxtld
233,JAY Z Big Pimpin' ft UGK,,,
234,Jay Z Big Pimpin',JAY Z,Big Pimpin',spotify:track:22uZ8sPzkovoQG4Cu39Pqe
235,Tweet Missy Elliott Oops Oh My,Tweet,Oops (Oh My) - feat. Missy Elliott,spotify:track:5Y0E3dOeynKuLDAXu0t0Bg
236,Aaliyah Try Again HD,,,
237,Aaliyah Are You That Somebody HD,,,
238,Timbaland Magoo People Like Myself,Timbaland & Magoo,People Like Myself,spotify:track:1bm2cl9GKyhR4uRYpBMJDu
239,Destiny's Child Get On The Bus Timbaland Instrumental,,,
240,Ginuwine Pony,Ginuwine,Pony,spotify:track:6mz1fBdKATx6qP4oP1I65G
241,Missy Elliott ft Nicole Wray MC Solaar All N My Grill,,,
242,Nicole Wray Make It Hot LP Version ft Missy Elliott Mocha,,,
243,Daryl Hall John Oates I Can't Go for That No Can Do 12 Single Vinyl,,,
244,Floating Points Vacuum Boogie,Floating Points,Vacuum Boogie,spotify:track:65MEOt04UbuReNnJbWd87s
245,Kenlou The Bounce,,,
246,Plastikman Spastik,Plastikman,Spastik - Dubfire Rework,spotify:track:2IKLt22WR7g2OHUDU1S7lS
247,Junior Boys Teach Me How To Fight,Junior Boys,Teach Me How To Fight,spotify:track:00HtvJtZoyo8g6DduhaCz2
248,Dj Sprinkles Grand centrak Part I MCDE Bassline Dub,,,
249,Steve Poindexter Computer Madness,Steve Poindexter,Computer Madness (Mark Almaria Remix),spotify:track:49QPubh7d3pNSpDLUdQDRt
250,Steve Poindexter work that mutha fucker,Steve Poindexter,Work That Mutha Fucker (Gettoblaster & Robert Armani Remix),spotify:track:1yq17B3mTBvO6AL7JVRrh2
251,Eric Martin Emergency Steve Poindexter Re Edit,,,
252,D HA Yolanda Rock Ya Body,,,
253,DJ Assassin A Face In The Crowd Original Mix,DJ Assassin,A Face In The Crowd - Original Mix,spotify:track:5CfFqmQqFHLCggFGOugrwq
254,Mr Fingers Can You Feel It,Mr. Fingers,Can You Feel It,spotify:track:1gLbsjW6fkXw6gBBoCRY7N
255,Joe Louis The Love of my own,,,
256,E S P Its You,,,
257,Omar S Just ask the lonely,,,
258,Anthony Shake Shakir a k a Da Sampla 'Pursuit Mix 3,,,
259,Moodymann I Can't Kick This Feeling When It Hits,,,
260,Moodymann Dem Young Sconies,,,
261,Lata J Ramasar The Greatest Name That Lives,,,
262,Theo Parrish Feel Free to Be Who You Need to Be,,,
263,Theo Parrish Love Triumphant,,,
264,Theo Parrish JB's Edit,Theo Parrish,JB's Edit,spotify:track:7kVXSHWbjIwNpA0wwOlkpq
265,GQ Lies Theo Parrish Ugly Edit 7,,,
266,Theo Parrish Mr Bump man Ugly Edits 11,,,
267,Made in USA Never gonna let you go Theo Parrish Re Edit,,,
268,Urban Culture The Wonders Of Wishing For You,Urban Culture,The Wonders Of Wishing (For You),spotify:track:0hehiqu0urcYPXFltNB94X
269,THEO PARRISH Falling up CARL CRAIG remix,Theo Parrish,Falling Up (Carl Craig remix),spotify:track:7CRI6NNClZ8bECcN4NRfj5
270,Junior Boys Like A Child Carl Craig Remix,Junior Boys,Like A Child - Carl Craig Remix,spotify:track:3BKRBzmmJgHk4p3aFn3j2d
271,Metro Area Miura,,,
272,Kelley Polar My Beauty In The Moon,,,
273,Marehamu George Mukabi Bibi Mama Ngani Mzuri,,,
274,David Wertman Sunshine,,,
275,Steve Reid Kai,,,
276,Jackie McLean Michael Carvin De I Comahlee Ah,Jackie McLean,De i comahlee ah,spotify:track:2FVCBfgcJJpQnwDkeU8vtZ
277,Marcus Belgrave Space Odyssey,Marcus Belgrave,Space Odyssey,spotify:track:1X9qdWiyt6ErVz8zkYTaFw
278,ODESSEY ONE DANCE WITH ME,,,
279,Sathima Bea Benjamin Africa,Sathima Bea Benjamin,Africa,spotify:track:51nGNok3fN86r9TlzO8pkh
280,Pattu Enge Poo Vizhi Vaasalile Ilaiyaraaja,,,
281,Rahul Dev Burman The Burning Train OST Title,,,
282,Asha Bhosle Dum Maro Dum,Asha Bhosle,Dum Maro Dum,spotify:track:4wGTA3DZM1rUj26IycvD8n
283,Bunny Mack Let Me Love You,Bunny Mack,Let Me Love You [Andy Daniell Edit],spotify:track:6MUuJrqwXOjcWEptMTqYI4
284,jimmy hyacinthe yatchiminou,Jimmy Hyacinthe,Yatchiminou,spotify:track:0moRd2zUttEKDyuQ0PE1K7
285,Francis Bebey New Track,Francis Bebey,New Track,spotify:track:1htfXBi6akI5IHPt6gBvdu
286,Balla et ses Balladins Samba,,,
287,Pazy And The Black Hippies Wa Ho Ha,,,
288,Kode9 The Spaceape Sine Of The Dub Hyperdub 2006,,,
289,parsley sounds ease yourself and glide,Parsley Sound,Ease Yourself And Glide,spotify:track:2RjO8PXYSTtsn5qpwVZjNr
290,Ghostwriters Dance Of The Spirit Catchers,,,
291,Terry Riley A Rainbow in Curved Air,Terry Riley,A Rainbow In Curved Air - Instrumental,spotify:track:0aGvcIUEdMq9PelZIGJOBU
292,John Cale Terry Riley Church of Anthrax,,,
293,Celestial Vibration by Edward Larry Gordon,,,
294,Mother Mallard's Portable Masterpiece Co Ceres Motion,,,
295,Suzanne Ciani The Fifth Wave Water Lullaby,Suzanne Ciani,The Fifth Wave - Water Lullaby,spotify:track:48Ts7bGN2VeEVaLzKWet5U
296,Alain Goraguer Ten Et Tiwa,Alain Goraguer,Ten Et Tiwa,spotify:track:33o4VGGUTGCcj9RBRGwxke
297,ARNOLD DREYBLATT The Orchestra of Excited Strings Propellers In Love odd even,,,
298,Goblin Suspiria Theme,Goblin,Suspiria - Movie Theme,spotify:track:2s7HqOZEjAFOiEkTzuvEie
299,Laurie Spiegel The Expanding Universe Patchwork,Laurie Spiegel,Patchwork,spotify:track:13Ffu6ROeC2XC5ha39lkgB
300,Malcolm Cecil Melodious Wind Song,,,
301,Jeff Phelps Excerpts From Autumn,Jeff Phelps,Excerpts from Autumn,spotify:track:3SoyP4qNtGpMxAyxoi7nxN
302,I Finally Found the Love I Need,Jerry Green,I Finally Found the Love I Need,spotify:track:1reCOnF9RrvRedVK5E3Cnd
303,Dariush Dolat Shahi Zahab Tar and Electronic,Dariush Dolat-Shahi,Zahab,spotify:track:1wvjcwuk1nEh4kzW49grR6
304,Alex Reece Pulp Fiction Original,,,
305,Adam F Metropolis,Adam F,Metropolis,spotify:track:3cqrkwQDwITnjJkJgHsqUa
306,Gas Untitled 2 Pop,,,
307,Isolee Beau Mot Plage,Isolée,Beau Mot Plage,spotify:track:4zjg8zXxG4zShpQ8nfVaII
308,Asa Chang Junray Hana,Asa Chang & Junray,Hana,spotify:track:6Oie2iA5yhe0JU7LbnFIY5
309,Zoetrope Boards of Canada,Boards of Canada,Zoetrope,spotify:track:4heRvNNnsyAY1pl4c4EOIx
310,Aphex Twin Xtal,Aphex Twin,Xtal,spotify:track:5ULcHWDMA3GKd9Ib4pUSh6
311,Seefeel Time to Find AFX Fast Mix,Seefeel,Time To Find Me (afx Fast Mix),spotify:track:2eyPtyuJl4UPzwd67wdyK8
312,Aphex Twin Flim,Aphex Twin,Flim,spotify:track:4YvnrZMF1VmTAZIJlBhvCg
313,Aphex Twin Analogue Bubblebath 1,,,
314,Fridge Cutup Piano Xylophone,,,
315,LCD Soundsystem Someone Great Instrumental,,,
316,James Holden The Caterpillar's Intervention,,,
317,Britney Spears Breathe On Me James Holden Dub,,,
318,Four Tet Love Cry,Four Tet,Love Cry - Joy Orbison remix,spotify:track:6Pqg4acrornylSchLEGaFG
319,Make Love Daft Punk,Daft Punk,Make Love,spotify:track:4ABWPP59ItFKykdaDF09K5
320,Together So Much Love To Give Original Version,,,
321,aril brikha groove la chord,Aril Brikha,Groove La Chord,spotify:track:4NbpbAO75bOd7Y7Wm1VOZJ
322,Supermayer Two of Us extended album version,,,
323,Mark Ernestus vs Konono No 1 Masikulu Dub,Mark Ernestus,Masikulu Dub,spotify:track:5470XEsauKukUnEY2uz6CB
324,Villalobos Fizheuer Zieheuer,,,
325,Ricardo Villalobos Mormax,,,
326,Joy Orbison Ellipsis,,,
327,Joy Orbison Hyph Mngo,Joy Orbison,Hyph Mngo,spotify:track:7aYNz419a97mXXFlOcVKtk
328,Burial Archangel Hyperdub 2007,,,
329,Jai Paul Jasmine Demo,Jai Paul,jasmine (demo),spotify:track:59tpgfXjTc3QR7mWJj8Wln
330,Dem 2 Destiny Original UK Garage,,,
331,So Solid Crew Dilema Instrumental,,,
332,Dizzee Rascal 'I Luv U',Dizzee Rascal,I Luv U,spotify:track:2FQDno7lfDiYHUeV8GKc3q
333,Double 99 RIP Groove Original MIX,,,
334,Wookie Battle Lain Original Mix UK Garage,,,
335,MJ Cole Sincere Dubb 2000,,,
336,todd edwards saved my life,,,
337,DJ Elmoe whea yo ghost at whea yo dead man,DJ Elmoe,"Whea Yo Ghost At, Whea Yo Dead Man",spotify:track:40m2mnGZSHi6vBhYPwmrFD
338,South Street Player Who Keeps Changing Your Mind The Night Mix,South Street Player,(Who?) Keeps Changing Your Mind - The Night Mix,spotify:track:3B1feIH5HjkbmQpeHuOv9l
339,Chemise She Can't Love You,Chemise,She Can't Love You,spotify:track:1wPuzroWKHgRcilvHUZNen
340,Mulatu Astatqe Yegelle Tezeta My Own Memory Ethiopiques Volume 4,,,
341,Hailu Mergia Ambasel,Hailu Mergia,Ambasel,spotify:track:2ClYvY2kxsvGI5ttdbPwjh
342,Madvillian Figaro Remix,,,
343,MF Doom Doomsday HD,,,
344,Lootpack Answers Instrumental,Lootpack,Answers (Instrumental),spotify:track:2dZbuHv4DjPCgiJcPgtsfJ
345,Madvillain Meat Grinder Madvillainy Full Album,,,
346,Quasimoto Low Class Conspiracy,Quasimoto,Low Class Conspiracy,spotify:track:4FMaGGx4Qw5s1lT5hucy2X
347,J Dilla Nothing Like This,J Dilla,Nothing Like This,spotify:track:1T1060Jea86yMCuxvotK8X
348,J Dilla Workinonit Donuts Full Album,,,
349,J Dilla Stop Donuts Full Album,,,
350,J Dilla Lightworks Donuts Full Album,,,
351,J Dilla Two Can Win,J Dilla,Two Can Win,spotify:track:3lEoV3Lja14U3EvL6ugsWu
352,MF Doom I Hear Voices Original Instrumental,MF Doom,"I Hear Voices (Original 12"" Instrumental Version)",spotify:track:78D4hh4kK0jBTzfvr8tcJX
353,Ghostface Killah Daytona 500 Raekwon Cappadonna HD,,,
354,Ghostface Killah The Sun ft Raekwon Slick Rick RZA,,,
355,Wu Tang Clan Bring Da Ruckus,Wu-Tang Clan,Bring Da Ruckus,spotify:track:1v5cgIyffYtfEx0swttdoE
356,Wu Tang Clan Can It Be All So Simple,Wu-Tang Clan,Can It Be All So Simple/Intermission,spotify:track:1Mi6uegC4pRxQZw1CB5Fk9
357,Wu Tang Clan Tearz,Wu-Tang Clan,Tearz,spotify:track:7y5zXpTN4J7K0PngQYa655
358,Busta Rhymes Gimme Some More,Busta Rhymes,Gimme Some More,spotify:track:47wZfF4OdME3xkIPhhpSSF
359,Flava In Ya Ear Craig Mack,Craig Mack,Flava In Ya Ear,spotify:track:3X414ZlCf5U7pcpIaIcUkT
360,Can Mother Sky,Can,Mother Sky,spotify:track:6aT6TV7EraCY9qIMjNOXtF
361,Can Vitamin C UNKLE mix,Can,Vitamin C (U.N.K.L.E. Mix),spotify:track:5Uk4GNS3FQTyhovRyS3RkE
362,Can Sing Swan Song,Can,Sing Swan Song - 2004 Remastered Version,spotify:track:38jqyFghcqZbGubCgOvCkJ
363,Faust Jennifer,Faust,Jennifer - 2006 Digital Remaster,spotify:track:71WhsFMZI3JhEczyfbaq9d
364,faust krautrock,Faust,Krautrock - 2006 Digital Remaster,spotify:track:0FCeHhtD9n3SFMALs3YXhH
365,Cluster Hollywood,Cluster,Hollywood,spotify:track:741KQX9BobWT2bV5s5nO2D
366,MICHAEL ROTHER FLAMMENDE HERZEN,Michael Rother,Flammende Herzen,spotify:track:5TQ2cWrEZDU6fkbTo1mkvo
367,Neu ''Hallogallo'',Neu!,Hallogallo,spotify:track:5ebOqjVdXJ43QrhVvDrXWN
368,Popol Vuh Aguirre I L'acrime di rei,Popol Vuh,Aguirre I (L'acrime di rei),spotify:track:2KyYk7q15pcc50W7etw3ZQ
369,P le outside the nightmare,,,
370,Atomic Forest 1 Obsession '77 Fast,,,
371,Sangandongo Niagara,,,
372,Silver Apples Oscillations,Silver Apples,Oscillations,spotify:track:10iyrkqHdykjmBG9ZuiQKy
373,6 4 Make Out Gary Wilson,,,
374,Aphrodite's Child Loud Loud Loud,Aphrodite's Child,"Loud, Loud, Loud",spotify:track:3dNcm0SSQhdI9KcOgWmDzl
375,Aphrodite's Child Babylon,Aphrodite's Child,Babylon,spotify:track:2Zk1YHAVkX85hREoZ39s0t
376,Here Come the Warm Jets,Brian Eno,Needles In The Camel's Eye - 2004 Digital Remaster,spotify:track:79oH2M0vWq9bRYpNTCrlHu
377,Brian Eno The Big Ship,Brian Eno,The Big Ship - 2004 Digital Remaster,spotify:track:2d9KBVxb6bUfVCjjv1JAVe
378,HAL BLAINE hallucinations,Hal Blaine,Hallucinations (April),spotify:track:0QQuyKhph4U3uacfixSRKA
379,Brian Eno St Elmo's Fire,Brian Eno,St Elmo's Fire - 2004 Digital Remaster,spotify:track:0UROPTHqU5C7TI1N8wOkIF
380,Popol Vuh Affenstunde,Popol Vuh,Affenstunde,spotify:track:6oHui2pNLKGN1FzcNWyuFq
381,Seesselberg Synthetic,,,
382,ferdinand monsieur blanc,,,
383,Yamasuki Singers Kono Samourai,Yamasuki Singers,Kono Samourai,spotify:track:1zs2cc3xtGpXtcrqTbBlnc
384,Deutsche Wertarbeit Auf Engelsfluegel,,,
385,Zed Dune,,,
386,CRASH COURSE IN SCIENCE Flying Turns,Crash Course In Science,Flying Turns,spotify:track:2R42iXxH0Y6cwMoNyrKQZk
387,crash course in science jump over barrels,Crash Course In Science,Jump Over Barrels,spotify:track:3J3wijtJ2qpojIoHsHkJ9u
388,GRAUZONE FILM 2 remastered,,,
389,J rgen M ller Sea Bed Meditation,,,
390,JD Emmanuel Part I Attaining Peace,,,
391,Stereolab Super Electric,Stereolab,Super-Electric,spotify:track:0JOuaGRAO0d66GiIxVwpEl
392,Stereolab Jenny Ondioline Part 1,Stereolab,"Jenny Ondioline - Part One 2006 Remastered Version 7"" Version",spotify:track:6SaR2TZLgBK26sHkUlMLAJ
393,Bone Thugs N Harmony First of the Month,Bone Thugs-N-Harmony,First Of The Month (DJ U-neek Remix),spotify:track:1EaCixH3W31TKaHNLMwPhM
394,Fourth Way The Mesoteric Circle,,,
395,Michal Urbaniak Group Ekim,,,
396,Scott Walker The Old Man s Back Again,,,
397,Paul Parrish English Sparrow,,,
398,Lubo Fi er The Magic Yard,,,
399,Serge Gainsbourg Requiem Pour Un Con Bonus Beats Full Original HQ,,,
400,Serge Gainsbourg Ballade de Melody Nelson,Serge Gainsbourg,Ballade De Melody Nelson,spotify:track:3K9PpsgqBMHh6x3MVh0RGV
401,Hello Sunshine Relatively Clean Rivers,Relatively Clean Rivers,Hello Sunshine,spotify:track:2mEifO9PK0fU8OGgDT2GyQ
402,Relatively Clean Rivers easy ride,Relatively Clean Rivers,Easy Ride,spotify:track:0GsB29EsTq6HuG1W6YyLtN
403,Canned Heat Going Up The Country,Canned Heat,Going Up The Country,spotify:track:57460SJgSpCXaRJ9YIYHxy
404,CANNED HEAT POOR MOON,Canned Heat,Poor Moon - 2005 Digital Remaster,spotify:track:65grU65es0Mb5yYod7GUU0
405,Pugh Rogefeldt love love love,Pugh Rogefeldt,"Love, Love, Love",spotify:track:06pCe1Y6j7kTi6tt2qeMP1
406,P rson Sound From Tunis to India in Fullmoon on Testosterone,,,
407,Big Star Thirteen,Big Star,Thirteen,spotify:track:3BSpuy2yHhoEazfXVU7WGq
408,Larry Coryell Sex,Larry Coryell,Sex,spotify:track:4SXqxF1Ye9v4mxE4JinEvG
409,The Free Design 1 Kites Are Fun,,,
410,Ame Son Eclosion Catalyse Jazz Progressive Psychedelic,,,
411,Carey Joni Mitchell,Joni Mitchell,Carey,spotify:track:11dUk8E2z8Oj1JURwl7GJd
412,Neil Young My My Hey Hey Out Of The Blue,Neil Young & Crazy Horse,"My My, Hey Hey (Out Of The Blue)",spotify:track:4DFMZUoz6TBh8JVqmw6Drv
413,Neil Young Old Man Harvest,Neil Young,Old Man - Remastered,spotify:track:16XeptMdlJTWWeIrwEAOvv
414,Neil Young and Crazy Horse Cinnamon Girl,Neil Young & Crazy Horse,Cinnamon Girl - Remastered,spotify:track:4gRfV6SEd0cTqeR9ksrbIs
415,Nina Simone Funkier Than a Mosquito's Tweeter,Nina Simone,Funkier Than a Mosquito's Tweeter - Remastered,spotify:track:5wBi26umb4oxXLmpJ32BWV
416,Nina Simone Fodder On My Wings 03 Vous Etes Seuls Mais Je Desire Etre Avec Vous,,,
417,Bang a Gong Get It On by T Rex,T. Rex,Bang A Gong (Get It On),spotify:track:7MWwZmEhQ554lQzYNIVBdq
418,Keith Tippett Group Thank You For The Smile,Keith Tippett Group,Thank You For The Smile - (To Wendy And Roger),spotify:track:7Lix6yDIK5VhvZEotDHGBk
419,Led Zeppelin Your Time Is Gonna Come Deluxe Edition 2014,,,
420,Led Zeppelin Black Mountain Side,Led Zeppelin,Black Mountain Side,spotify:track:6rmEV2YtvWkigxPZocINO3
421,Led Zeppelin That's the Way HD,,,
422,Paul McCartney Ram On,Paul McCartney,Ram On - 2012 Remaster,spotify:track:3lqXAOFVwDSJDLTNZq6MU6
423,Space Intro Steve Miller Band,Steve Miller Band,Space Intro,spotify:track:3kLFfUPLDYOQxQLuy8acxo
424,Steve Miller Band Fly Like An Eagle,Steve Miller Band,Fly Like An Eagle,spotify:track:3e0FzZjTXOUtiJGSClOBrI
425,What Is Life George Harrison,George Harrison,What Is Life - 2001 Remastered Version,spotify:track:3wCp8O9oulMsQvJAw3k3uI
426,Chimacum Rain Linda Perhacs,Linda Perhacs,Chimacum Rain,spotify:track:3oQDr8S7g3KeM17701XwRJ
427,Bruce Haack Electric to Me Turn,Bruce Haack,Electric To Me Turn,spotify:track:4jOuPlZYiDfBgTuoqWE5AX
428,David Crosby 01 Is Love by EarpJohn,,,
429,The Byrds Moog Raga,The Byrds,Moog Raga - instrumental,spotify:track:7cotliOGNjsqjsDASnZLbE
430,Rufus Harley EIGHT MILES HIGH,Rufus Harley,Eight Miles High (2006 Remastered LP Version),spotify:track:5y9Wci3moEjHAakPoO4iFR
431,Vangelis Papathanassiou Let It Happen,Vangelis Papathanassiou,Let It Happen,spotify:track:59HzNVTc331SYrI6vQEJJQ
432,Demis Roussos Let It Happen,,,
433,Tony Caro and John Eclipse Of The Moon1,,,
434,lothar the hand people yes i love you,,,
435,The Other Song Son of Spirit Spirit,,,
436,Area Code 615 Stone Fox Chase,Area Code 615,"Stone Fox Chase (The Classic Theme From ""The Old Grey Whistle Test"")",spotify:track:0mNw6yegJ3lCE2xqnwQfHQ
437,Morning Sleepy Eyes US,,,
438,ROBERT ARMANI AMBULANCE,Robert Armani,Ambulance,spotify:track:7Jfyfn8Ds0wFcM9QuHKqC9
439,Loleatta Holloway Catch Me On The Rebound Walter Gibbons 12'' Mix,,,
440,Donald Byrd Lansana's Priestess,Donald Byrd,Lansana's Priestess,spotify:track:7yqad3MMDrKWp1R32rRzxo
441,Cricco Castelli Life Has Changed,,,
442,a1 Theo Parrish A Early Byrd,,,
443,P p Bradock Demarre Le Chauve,,,
444,Liaisons Dangereuses Peut Etre Pas,Liaisons Dangereuses,Peut Être ... Pas,spotify:track:6sWoThTvgiLRqptanKW4Hi
445,Leron Carson The Unknown,,,
446,Black Truth Rhythm Band Itefayo Parts I and II Rare 45 Version,,,
447,Jack Master Bang The Box,,,
448,Head High Megatrap Mix Mix,Head High,Megatrap (Real Mix),spotify:track:02l0FNx8P0eV7700DZEdve
449,Head High It's A Love Thing Piano Invasion,Head High,It’s a Love Thing (Piano Invasion),spotify:track:0qm71eg0ZKV9JtXqA3e4PL
450,DJ Harvey Keep On Trying,,,
451,Fred Williams The Jewels Band Tell Her,,,
452,EKO LOVE CAN BE HAPPY,,,
453,Roberto De Simone Secondo Coro Delle Lavandaie,,,
454,Percussions KHLHI,,,
455,Muyei Power Wali Bena US Afrobeat Drum storm fierce guitar at the end,,,
456,Chez Damier Stacey Pullen Forever Monna,Chez Damier & Stacey Pullen,Forever Monna,spotify:track:1VGlkDfOhHUtTAkoK5FjW1
457,Robbie Tronco Runway As A House Original Mix,,,
458,Tronco Traxx Walk 4 Me Original Mix,Tronco Traxx,Walk 4 Me (Original Mix),spotify:track:0KMedKHwcRUOgSLGWTdwW3
459,Tyree Crash Crash Instrumental,,,
460,K Alexi Shelby Vertigo,,,
461,Bernard Parmegiani Incidences R sonances,,,
462,DJ Nori Happy Sunday Maurice Fulton Remix,,,
463,Sue o Latino Sue o Latino Derrick May's Illusion First Mix,,,
464,Mobb Deep Cop Hell prod DJ Premier,,,
465,Feel Reel Kon Edit Illvester,,,
466,Kenny Dixon Jr Don't You Want My Love INT 509 Version,,,
467,Gherkin Jerks Dont Dis The Beat,Gherkin Jerks,Don't Dis The Beat,spotify:track:2NNqMNrfXKce2HCw1ymVnN
468,D Malice Gabryelle Refix UK Funky,,,
469,Cooly G Narst Hyperdub 2009,,,
470,William Onyeabor Let's Fall in Love,William Onyeabor,Let's Fall in Love,spotify:track:5MA7jaAdA1oZ2Jcrz5gqaJ
471,Pamoja Oooh Baby,Pamoja,Oooh Baby,spotify:track:3Ic1XavW8rigicEfyslibk
472,Sylvester I Need Somebody To Love Tonight,Sylvester,I Need Somebody To Love Tonight,spotify:track:3LsT91KRYwtMNnlmnTxMJU
473,Michael Campbell High Volt We Are Making,Michael Campbell & High Volt,We Are Making Music (Part 1),spotify:track:16VXJNdEmtqQdotoUnRylD
474,K Hand Untitled B1 Project 5 EP,K Hand,B1 Untitled,spotify:track:47lJps60pGHPd8anPtmSfU
475,Anton Bruhin Schtandli,,,
476,Brave New World Halpais Corn Dance,,,
477,Group Inerane Telilite,,,
478,Igor Wakhevitch Hathor Rituel De Guerre Des Esprits De La Terre,,,
479,Vero Ia Toto,Bernard Bonnier,Vero-Ia-Toto,spotify:track:53PjyY9FREjjinDukdemFk
480,The Doves I Shall Be Free,The Doves,I Shall Be Free,spotify:track:6F3XSFTWEtYAOrZW0b4UNU
481,Yellow Magic Orchestra Firecracker,,,
482,Soundstream Live Goes On,,,
483,Kevin Volans Mbira,Kevin Volans,Mbira,spotify:track:4pofhX9261Xb2JHFW6jHUq
484,Steve Poindexter Short Circuit C64 Bypass Mix,,,
485,Billy Stewart Cross My Heart,Billy Stewart,Cross My Heart - Single Version,spotify:track:4shFFsEAF1j6RcI42EeNS8
486,The Jellies Jive Baby on a Saturday Night,The Jellies,Jive Baby On A Saturday Night - Original,spotify:track:0LBFzvjKC3MtsfDGDXCHFT
487,Bakey Ustl A Tender Places,Bakey Ustl,A Tender Places,spotify:track:4EVcC2JFQ63LyHBHUphkme
488,Suicide Dream baby Dream,Suicide,Dream Baby Dream,spotify:track:0J9OyYUa5kMWY321UdGSnh
489,The Beach Boys Our Prayer,The Beach Boys,Our Prayer,spotify:track:3KucdLCc72OnxZ8qO3RIIC
490,Arzachel Queen St Gang,Arzachel,Queen St. Gang,spotify:track:0nc7EDey5fciSQGeYdAevx
491,Jacques Lejeune Petite Suite,,,
492,Franco Battiato Areknames,Franco Battiato,Areknames,spotify:track:7DrRC7Dx1Wj8hGC53ZJHOm
493,The Byrds Fiddler A Dram Moog Experiment,The Byrds,Fiddler a Dram (Moog Experiment),spotify:track:4stsmreNK85ydBZGTYbJpB
494,Penso pensieri di pace Marcello Giombini,,,
495,Keith Tippett Group Black Horse,Keith Tippett Group,Black Horse,spotify:track:6MTGp8BujlFV5aX6pHb1GX
496,Travis Biggs Tibetan Serenity,,,
497,DAVID T WALKER LAY LADY LAY,David T. Walker,Lay Lady Lay,spotify:track:6dkbzrkImssBDOnwcvOwuA
498,Azim th Mel Dos Dois Bicudos,,,
499,TYREE NUTHIN WRONG,,,
500,Nadie La Fonde Three Way Situation,Nadie La Fonde,Three Way Situation,spotify:track:0tt48hnmaIccZ79aqM3kiy
501,The Equals Mystic Sister,,,
502,Charlie's Roots Pasttime Paradise,,,
503,Bert Lynch Black Skin Kinky Hair,,,
504,Robert Owens I'm Strong House Mix,,,
505,Parris Mitchell Project All Night Long,,,
506,Brazil Selection Bananaticoco,Brazil Selection,Bananaticoco,spotify:track:6wAJwFkeIkjYLjCFKGvYQX
507,Live Buchla Concert,Suzanne Ciani,Live Buchla Concert 1975,spotify:track:4cnBUNdxJwTlhp9AeDK8Ff
508,Industry Standard What You Want Somore I Refuse,Somore,I Refuse (What You Want) - Industry Standard Club Mix,spotify:track:0Hra2el3p0yskQ5e15NMnS
509,Jeri Jeri with Mbene Diatta Seck Mbeuguel Dafa Nekh,Jeri-Jeri,Mbeuguel Dafa Nekh (with Mbene Diatta Seck),spotify:track:26JwdQ6MtZZPivesz80kIR
510,Andrew Ashong Theo Parrish Flowers,,,
511,God Made Me Phunky MD X Press Mike Dunn,,,
512,Nathan Fake Dinamo,Nathan Fake,Dinamo,spotify:track:4cxjrVOtPevxZSOXmyiMRM
513,Luke Abbott Brazil Slow Version,Luke Abbott,Brazil - Slow Version,spotify:track:3LEWE2QtuJ3ADxk72Fkc4M
514,Kerri Chandler Return 2 Acid,Kerri Chandler,Return 2 Acid,spotify:track:7FsEQIJAs3G7OIYCST1CeF
515,kerri chandler kong pong,Kerri Chandler,Kong,spotify:track:3QB10mwxCBPeLmrjPI1wZ7
516,rocketnumbernine matthew and toby four tet remix,,,
517,Anthony Naples Mad Disrespect,Anthony Naples,Mad Disrespect,spotify:track:4aNpMKyfEyzurWFQjJfNbl
518,Les Sins Grind,Les Sins,Grind,spotify:track:6mRrCKQXduMCYFHNzd4FzL
519,Rome Fortune Grind,,,
520,Rome Fortune Tropical,Rome Fortune,Tropical,spotify:track:3Oed4RZTX3CjCrjzuQfYjQ
521,Rome Fortune Ice Cream Man,Rome Fortune,Ice Cream Man,spotify:track:5z5OscyYDckrEoswSZMM1i
522,U S Alliance All I Know Dem 2 Da Grunge Mix UK Garage,,,
523,Raynih Bandal tanki tanki unknown remix,,,
524,Paperclip People 4 My Peeps,,,
525,Urban Tribe Program 01,,,
526,Rick Wilhite B1 Saldubsa 2,,,
527,Jackmaster Hater Drum Track,,,
528,Todd Terry Make The Beat Pound,,,
529,Susan Cadogan Do It Baby Nice And Easy,Susan Cadogan,Do It Baby (Aka Nice & Easy),spotify:track:4NRDZ8iq85dF4uB7N3oahS
530,NY House'n Authority Apt 2A CLASSIC NY HOUSE,,,
531,Stanton Davis' Ghetto Mysticism Things Cannot Stop Forever,Stanton Davis' Ghetto/Mysticism,Things Cannot Stop Forever (Poon Tang Tally-Wacky),spotify:track:7ncdSfvCnSGLnipdKj6BOK
532,Shina Williams His African Percussionists Agboju Logun,,,
533,SPEED GARAGE URBAN MYTHS WITHOUT YOU Dark Mix,,,
534,Tiyiselani Vomaseve Voseveni Va Mina,,,
535,Theo Parrish The Love I lost Ugly edits Vol 2,,,
536,lisa warrington i like the way you do it,,,
537,Evans Pyramid No I Won't,Evans Pyramid,No I Won't,spotify:track:0DNw6qpL1Firv8N5HqrcuF
538,Floating Points ARP3,Floating Points,ARP3,spotify:track:2pRew1oUayKVoIBMBdfoce
539,everybody party get down the firebolts greenback records,,,
540,Robert Hood The Greatest Dancer Studio Version,,,
541,underground resistance transition,Underground Resistance,Transition + The End Of Europe,spotify:track:1G1f1DSxaSPOZtgMjhAH2P
542,Ricardo Villalobos Waiworinao,,,
543,Ramadanman Work Them,Ramadanman,Work Them,spotify:track:3ZeHQ0rF9pKTSdAPOluLyq
544,Ramadanman Glut Full Track,,,
545,Sabu Martinez My Christina SWE,,,
546,Larry Coryell Barefoot Boy Gypsy Queen from LP,,,
547,Stevie Wonder All I Do,Stevie Wonder,All I Do,spotify:track:1xhatGayEoHQfNyZIXJwg2
548,Stevie Wonder I Believe When I Fall In Love,Stevie Wonder,I Believe (When I Fall In Love It Will Be Forever),spotify:track:39m67U78YIl77QQE1iBXfS
549,Stevie Wonder Big Brother,Stevie Wonder,Big Brother,spotify:track:5EQlqS41fwTJE40wtF1NGk
550,As Stevie Wonder,Stevie Wonder,As,spotify:track:3xrqE1ZGbvWHpsxnOPc8g4
551,songstress see line woman todd edwards remix,,,
552,Kyle Hall Down,,,
553,DA POSSE HULAS DANCE,,,
554,Phuture Acid Tracks,Phuture,Acid Tracks,spotify:track:05kXJj11PCg7aIWvQxp683
555,Jo Bisso Love Beat,,,
556,Soseme Makonde Manzara,Soseme Makonde,Manzara,spotify:track:4kKBzeWhkySKyYFo4KdGc5
557,Tuff Jam Track No Name,,,
558,Ariesta Birawa Group 8 Didunia Yang Lain,,,
559,22 Band Atoni Yarabi Lema,22 Band,Atoni Yarabi Lema,spotify:track:1KBd9LEYexVe1Kd26gIOVL
560,Amadou Sangare dit Barry L'histoire de MOUSSA TCHEFARI Pere de Sabally,,,
561,Freek'n You MK Dub,,,
562,Harvey Mason On And On,Harvey Mason,On And On,spotify:track:6khtHkhnSuCrzVxY7CeMEs
563,The Original Trinidad Steel Band Cissy Strut,,,
564,We're Laughing The Psychedelic Aliens,The Psychedelic Aliens,We're Laughing,spotify:track:5jqKeY9QQ3WvzBT6JIggPM
565,Jimi Hendrix Crosstown Traffic,Jimi Hendrix,Crosstown Traffic,spotify:track:7oVqbYLuql1XFKTpQQKn5s
566,Teaspoon the Waves Oh Yeh Soweto,The Waves,Oh Yeh Soweto,spotify:track:3fHcisKqvocq7b5H10hdvu
567,Trevor Dandy Is There Any Love,Trevor Dandy,Is There Any Love,spotify:track:063TsOVaoKkkMhHSpQpvI7
568,Steve Reid Center Of The Earth,,,
569,All About Money Spontaneous Overthrow,Spontaneous Overthrow,All About Money,spotify:track:1o8jd65ohNgAUwyOZKI6RS
570,Sparks Number One Song In Heaven 12,Sparks,The Number One Song in Heaven (Long Version) - Remastered,spotify:track:4BVBJAaRgTqY6fohbhnFsO
571,snoop doggy dogg Serial killa,Snoop Dogg,Serial Killa,spotify:track:3LE6oaTvpfu3nN4t9U0DmJ
572,Rudolph Jhonson The Highest Pleasure,,,
573,Perry Botkin Jr Barry De Vorzon The Riot breaks,,,
574,Roland Young Crystal Motions,,,
575,Black Mahogani moodymann,Moodymann,Dirty Little bonus Beats,spotify:track:6hrlmCErM4Ob44TtZCsy2j
576,McDonald and Giles Tomorrow's People,McDonald & Giles,Tomorrow's People,spotify:track:2cMnh3uGLdNSE1N1TyL9HQ
577,Margueritas Margherita Hot Edit Environ 2003,,,
578,MANTECA AFRO FUNKY,Manteca,Afro Funky,spotify:track:3ZPyCcEwmiNKPgt0yxkdad
579,Konono No 1 Paradiso,Konono N°1,Paradiso,spotify:track:6ZNcCpjDN2ObjhJC6aZMuW
580,Kalyanji Anandji Y O G A Edit,,,
581,joyce e nelson angelo um gosto de fruta,Nelson Angelo,Um Gosto De Fruta,spotify:track:5B6blm3q4LpJotPELigLit
582,Joyce Aldeia De Ogum,Joyce Moreno,Aldeia De Ogum (Fatboy Slim Presents Joyce Moreno) - Psychemagik Remix,spotify:track:5LJYEx3Fs6qscKvuERJlzq
583,Implog Holland Tunnel Dive,,,
584,Crazy Bald Heads First Born,,,
585,Esther Phillips Home is where the hatred is,Esther Phillips,Home Is Where the Hatred Is,spotify:track:1dtAnQAlBEcvW2kxnlKrwF
586,ESG Party Party Mix,,,
587,Emeralds Candy Shoppe,Emeralds,Candy Shoppe,spotify:track:6RyAadye7jJ2bj0aNH0XjA
588,Dj Koze All The Time,DJ Koze,All The Time,spotify:track:37rP2LVjJSTpvCso3fxTp1
589,David Borden Esty Point Summer,,,
590,Daniel Bell Electric Shock,,,
591,Dance With The Devil Cozy Powell,Cozy Powell,Dance With the Devil,spotify:track:3vHjYO1qvXmF9kzOYCnCY3
592,Cozy Powell And Then There Was Skin,,,
593,CK Mann Carousel 7 Funky Hilife,,,
594,Aphrodite's Child Funky Mary,Aphrodite's Child,Funky Mary,spotify:track:0aOz7I4kM7P9VDuFSXJXc9
595,Manuel G ttsching E2 E4 Part 1 of 6,,,
596,Oby Onyioha Enjoy your life,Oby Onyioha,Enjoy Your Life,spotify:track:5K6Bq91liJlIWpMLjSgvV9
597,Oppenheimer Analysis The Devil's Dancers,Oppenheimer Analysis,The Devil's Dancers,spotify:track:2trHIaWqFVqC7xMQKX3haJ
598,Miles Davis Shhh Peaceful 1 2,,,
599,Miles Davis On the Corner UNEDITED MASTER HQ,,,
600,wolfgang dauner dig my girl,,,
601,The Giuseppi Logan Quartet Blecker Partita,,,
602,Byard Lancaster Rib Crib 1,,,
603,Herbie Hancock Thad Jones Ron Carter Jerome Richardson Tate Jonathan Klein Sanctification,,,
604,lloyd miller gol e gandom,Lloyd Miller,Gol-E-Gandom,spotify:track:4BT6xMweb66CmrbNG8kG2y
605,Brotherhood of Breath MRA,Chris McGregor,Mra,spotify:track:4nh3IXBSMLgzMTbM6ubXr1
606,Rashaan Roland Kirk Say A Little Prayer,,,
607,Charles Earland Leaving This Planet,Charles Earland,Leaving This Planet - Vocal,spotify:track:748MlIntjTdFNzD6sGc8Aw
608,M'BOOM Side 1 re percussion,,,
609,Charles Bobo Shaw Human Arts Ensemble concere ntasiah,,,
610,Hannibal Marvin Peterson the Sunrise Orchestra The Bombing,,,
611,Hannibal Marvin Peterson Soul Brother In Dedication To Malcolm X,,,
612,Blues For Mama by Robin Kenyatta,,,
613,Om with Dom Um Romao Back to Front,,,
614,STANLEY CLARKE Concerto For Jazz Rock Orchestra Pts II III,,,
615,George Duke For Love I Come Your Friend,George Duke,For Love (I Come Your Friend),spotify:track:2QCVGcGF9doHMdmTZdmy8b
616,Horace Tapscott Peyote Song No III,,,
617,James Moody Unchained,,,
618,Melvin Sparks If You Want My Love,,,
619,Polish Space Funk Jazz Fusion Arp Life Bu Bu LP,,,
620,The Beginning of the End Funky Nassau Long Full,,,
621,Ramsey Lewis Earth Wind Fire Sun Goddess,"Earth, Wind & Fire",Sun Goddess,spotify:track:6NzOdf2JKluJVXEKjGDAMA
622,Pretty Purdie Soul Drums,Pretty Purdie,Soul Drums,spotify:track:75wtrabFOVsYLsUgZLCLtp
623,Doris You Never Come Closer,Doris,You Never Come Closer,spotify:track:4w0dthfzhiPVmzXh7mnjbv
624,The Jimmy Castor Bunch It's Just Begun,The Jimmy Castor Bunch,It's Just Begun,spotify:track:5BF6J7ZHbncg8ynxI22ER4
625,Shuggie Otis Aht Uh Mi Hed,Shuggie Otis,Aht Uh Mi Hed,spotify:track:3bGVC25HcISA1ApJwux1LF
626,Shuggie Otis Inspiration Information,Shuggie Otis,Inspiration Information,spotify:track:3q8AgabNzK1mPJdI8egIcn
627,Dionne Warwick You're Gonna Need Me,Dionne Warwick,You're Gonna Need Me,spotify:track:5ezYm2LkW25YhkkTp7bC9u
628,For You Barbara and Ernie Cotillion,,,
629,My People Hold On Eddie Kendricks,Eddie Kendricks,My People...Hold On,spotify:track:2CpMomgmYCyDogfv5DoA8u
630,Eddie Kendricks Date With The Rain 12 Version,,,
631,Curtis Mayfield Move On Up,Curtis Mayfield,Move On Up - Extended Version,spotify:track:01gDLZsi0j5fWC28FLPNO8
632,Marvin Gaye What's Going On,Marvin Gaye,What's Going On,spotify:track:0IUTOvJZ6brXtvMZWipush
633,Marvin Gaye Inner City Blues with lyrics,,,
634,Marvin Gaye Soon I'll Be Loving You Again,Marvin Gaye,Soon I'll Be Loving You Again,spotify:track:0gWmxML0Fc6z9e5adPqi1s
635,D'Angelo Spanish Joint,D'Angelo,Spanish Joint,spotify:track:1J1dupxCRj30vAVlepm1t9
636,galt macdermot space,Galt MacDermot,Walking In Space,spotify:track:0Ji9kaxytVYbsXnDvqVMEj
637,RAMP Everybody Loves the Sunshine,RAMP,Everybody Loves the Sunshine,spotify:track:6W5nGlVFyPlo8xR912ccIa
638,Sons and Daughters of Lite Let the Sun Shine In,Sons And Daughters Of Lite,Let the Sun Shine In,spotify:track:1o3Oagz5kCSUrHqcUqzsQW
639,Fred Wesley The J B 's Blow Your Head,,,
640,Sly and The Family Stone If you want me to stay,Sly & The Family Stone,If You Want Me To Stay,spotify:track:2BydLQAh7CUIFvSEqAMc4x
641,Sly The Family Stone Everyday People,Sly & The Family Stone,Everyday People,spotify:track:7lL2lMWNtzOcf5HnEudNgn
642,Sly The Family Stone A Family Affair,Sly & The Family Stone,Family Affair - Single Version,spotify:track:2GVEs1sn5Q1jB1976vQoAX
643,Sly And The Family Stone If It Were Left Up To Me,Sly & The Family Stone,If It Were Left up to Me - single master,spotify:track:2KmVDJa2NW46WIvXGn9otN
644,Harlem River Drive Bobbi Humphrey,Bobbi Humphrey,Harlem River Drive,spotify:track:6aP8aMehThSiaLJozzGeUh
645,Harlem River Drive Harlem River Drive Theme Song,Harlem River Drive,Harlem River Drive (Theme Song) - 2006 Remastered Version,spotify:track:6Qfz6CMmWCCsfjVcxXVjWc
646,Come on feet Earth Wind and Fire,,,
647,GWEN McCRAE 90 OF ME IS YOU,Gwen McCrae,90% Of Me Is You,spotify:track:4dz8fFVtr8dPMqGThk5Cbs
648,Emmanuel Brun La voix psych d lique al Saw Funky Beat,,,
649,These Trails 05 Psyche I Share Your Water,,,
650,George Franklin Smallwood Marshmellow Band Funk By The Pound,,,
651,One Fine Morning Lighthouse STEREO,,,
652,Dexter Wansel Theme from the Planets,Dexter Wansel,Theme from The Planets,spotify:track:0fPB56qLfJdcWXmPaVB8lw
653,Cymande Bra,Cymande,Bra,spotify:track:5HrxlXl6yE5PWxFkNyUOz7
654,Earth Wind Fire Brazilian Rhyme avi,,,
655,Strawberry Letter 23 The Brothers Johnson 12 Extended,,,
656,S O U L Burning Spear,,,
657,Harmonium Vert Si on avait besoin d'une cinqui me saison,,,
658,Velvet Underground Sunday Morning from Velvet Underground and Nico LP,,,
659,The Velvet Underground All Tomorrow's Parties,The Velvet Underground,All Tomorrow's Parties,spotify:track:5yacDoKz18nDt4LGiDPsRQ
660,The Velvet Underground Heroin,The Velvet Underground,Heroin,spotify:track:7xsvZuhTQEGsLfopzFjMsS
661,Beginning To See The Light Velvet Underground,The Velvet Underground,Beginning To See The Light,spotify:track:1PT0FEl4aVyZJcv6dpiBhj
662,The Velvet Underground Here she comes now,The Velvet Underground,Here She Comes Now,spotify:track:3Gc7jeB3TZFCfodgT1Ru8i
663,John Cale Child's Christmas in Wales,John Cale,Child's Christmas In Wales,spotify:track:0eaIZ82uOTXqkopGBer5FO
664,PREFAB SPROUT Bonny Album Version Steve McQueen,,,
665,The Langley Schools Project Good Vibrations,The Langley Schools Music Project,Good Vibrations,spotify:track:5i7hiEgVoedjlboAJDspws
666,Ithaca Dreams 5,,,
667,Fairport Convention Tale In Hard Time,Fairport Convention,Tale In Hard Time,spotify:track:0EK4JGQ4qBLFmVs26nzQGS
668,David Axelrod Holy Thursday,David Axelrod,Holy Thursday,spotify:track:0VF21fEzB6OszZcJlKzyg5
669,David Axelrod The Signs part II,David Axelrod,The Signs Part II,spotify:track:2pvuAPskCGB8cfh7BJOGyk
670,David Axelrod The Fly,David Axelrod,The Fly - 2005 Digital Remaster,spotify:track:0qKs0gbPSLyVQFLnbzjmLr
671,David Axelrod The Human Abstract,David Axelrod,The Human Abstract - 2005 - Remaster,spotify:track:7FvWHBvGT04F1kJ63MaElG
672,David Axelrod The Warning Talk Part II,,,
673,Pride David Axelrod Proud Sorrow,,,
674,Pride The Truth,Cher,Pride - Bonus Track,spotify:track:0z4nk2MQQ0ubvXnFWa0gPR
675,Jimi Hendrix Are You Experienced lyrics on screen,,,
676,Jimi Hendrix Little Wing Original,Original Hit Makers,Little Wing (Made Famous By Jimi Hendrix) [karaoke Version],spotify:track:68YzDld24AzvxGc2BEc650
677,Machines Lothar the Hand People,,,
678,The Beach Boys God Only Knows Lyrics via Description HQ,,,
679,The Beach Boys Good Vibrations,The Beach Boys,Good Vibrations - 2001 - Remaster,spotify:track:2oF7FZHIJbzjeEXZ3D0Ku4
680,The Beach Boys 'Til I Die,The Beach Boys,Til I Die,spotify:track:2Uup75DRkJ03P91XyITXGC
681,THE BEACH BOYS meant for you,The Beach Boys,Meant for You,spotify:track:2h5cpnAVMC4kOOLF7NqmIr
682,The Beach Boys Feel Flows,The Beach Boys,Feel Flows - 2007 Digital Remaster,spotify:track:2Fqonrsr6cjPTGH2Up3Pmf
683,The Zombies The Way I feel Inside Lyrics,,,
684,bonnie dobson winter's going,Bonnie Dobson & Her Boys,Winter's Going,spotify:track:6nA60LlXWthstKKLvnHFK0
685,Colin Blunstone Misty Roses,Colin Blunstone,Misty Roses,spotify:track:1yaEIBb1Ify3Yrun7Dbcb0
686,Colin Blunstone Caroline goodbye original,,,
687,The End Dreamworld,The End,Dreamworld,spotify:track:5Oj1lkTraauTkKw0M7FsFf
688,10cc I'm Not In Love Lyrics,,,
689,10cc The Worst Band In The World,10cc,The Worst Band In The World,spotify:track:2QuhQtkWjIgUnD0osMVxmQ
690,The Beach Boys Our Sweet Love,The Beach Boys,Our Sweet Love,spotify:track:1vGqPTdYS0G7Bs1Ltru7Na
691,The Beach Boys Only With You,The Beach Boys,Only With You,spotify:track:1RqqIyIctOmrMelFhhmESC
692,Batteaux Tell Her She's Lovely,,,
693,Aorta What's In My Mind's Eye,Aorta,What's In My Mind's Eye,spotify:track:2oEbMQ63Xad23BTQTSVb3w
694,Love Alone Again Or,Love,Alone Again Or,spotify:track:6hXHOrhKW9dgQt35Mc5dCb
695,The Stooges I Wanna Be Your Dog,The Stooges,I Wanna Be Your Dog,spotify:track:672N8DGGTOLCOgWe0koX5g
696,MC5 Kick out the jams,MC5,Kick Out The Jams (Original Uncensored Version),spotify:track:5mSZLysuAtdNA21mbOm0sx
697,Congregacion Viene Arrebol,,,
698,Congregacion Fantastico,,,
699,Clams Casino I'm God,,,
700,Terry Riley Don Cherry part 2 3 AUDIO,,,
701,The Beatles Tomorrow Never Knows 2009 Stereo Remaster,,,
702,Tim Foty Ndola Ngoh,,,
703,Boogie Down Joe Coleman Get It Off The Ground,,,
704,Joe R Lewis Separate Ways Insane Mix,,,
705,Steel An' Skin Afro Punk Reggae Dub,,,
706,TELEX MOSKOW DISKOW VERSION,Telex,Moskow Diskow - French Extended Version,spotify:track:4wrwTR7dbduGsGw0Mz9EHO
707,JESSE ANDERSON MIGHTY MIGHTY THOMAS,,,
708,Giorgio Moroder Tears,Giorgio Moroder,Tears,spotify:track:50zNfN8K9LXK8JroW6GxCa
709,Steve Davis Lalune Blanche,Steve Davis,Lalune Blanche,spotify:track:5o0A0XX2eT0Q4HOtdP7cwh
710,Toro Y Moi Divina,Toro Y Moi,Divina,spotify:track:29ZxLvpF6Xa7dCcGlRkA84
711,Toro Y Moi Rose Quartz,Toro Y Moi,Rose Quartz,spotify:track:6b7z3keZ5gDJ2zBnyrke9P
712,Radiohead Pyramid Song,Radiohead,Pyramid Song,spotify:track:3C323D2bvI4P3l9OZ6dBw0
713,Radiohead 'Nude',Noordpool Orchestra,Nude,spotify:track:3JHWJsTzkMceZgPXtzbv7O
714,Radiohead Reckoner,Sebastián Codex,Reckoner,spotify:track:5jdokAlIzHNcAAgZhNjq9V
715,Sleep by This Heat,,,
716,THIS HEAT 24 track loop,,,
717,DJ Rush Lookin for excitement,,,
718,Danyel Gerard Le Vieux De La Montagne Part 2,,,
719,The Defaulters Gentle Man,The Defaulters,Gentle Man,spotify:track:0Hb9nDaAVm9lqMRsXmEwlP
720,Dick Sutphen Trance Sex,,,
721,DJ BOSSMAN BONGO EYES 2 REVERSE,,,
722,Don Ray Got To Have Loving,Don Ray,Got To Have Loving,spotify:track:6DlvMkL6QTupB5gPlvCKHQ
723,DONNELL BROWN TOO LATE TO CRY,,,
724,Doug Carn Western Sunrise,,,
725,Crew Love Drake ft The Weeknd,,,
726,dur dur band ethiopian girl i've been thinking about you original,,,
727,EARTH OPERA Home to You,,,
728,Earth People Dance Club Mix,Earth People,Dance-Club Mix,spotify:track:5HFOJLg0YMmPv3srRlNJhj
729,Ebo Taylor Uhuru Yenzu What Is Life,Ebo Taylor,What Is Life?,spotify:track:3Ja7rl9f6J5QveUJeSUq22
730,Ellis Dee Big Up Your Chest,,,
731,Embryo Abdul Malek,,,
732,Garc ons French Boy,,,
733,Gary Davis The Professor Is Space Walking,Gary Davis,The Professor (Is) Space Walking,spotify:track:3wEnKx9qz8gw0q2fYloreP
734,Guillermo De La Roca Aires En Tarka,,,
735,Hanson Davis Tonight Love Will Make It Right Dub,Hanson & Davis,Tonight (Love Will Make It Right) [Dub],spotify:track:6iXilEt0U4I3BDUTOYOE5q
736,Hard House Banton Sirens,,,
737,Iftin Haka Yeelin Nacabkeenna,,,
738,Jean Pierre Decerf Arabian Era,,,
739,JAPANESE TELECOM Beta Capsule Virtual Geisha International Deejay Gigolo Records,,,
740,Jef Gilson Big Band Up To The Light,,,
741,Jeru The Damaja Ya Playin' Yaself,Jeru The Damaja,Ya Playin Yaself,spotify:track:4pgm4Fx97oVh3R5MTvFuCc
742,Kurious I'm Kurious,Kurious,I'm Kurious,spotify:track:5uoiffBUX8KjvahBx1YSoa
743,La Drid Austin Outrage,,,
744,Bobby Valentino Ft Lil Wayne Tell Me Remix with lyrics HQ,,,
745,Marcellus Pittman There's somebody out there,,,
746,Yaseen Mohamed Saada Lala Mpenzi,,,
747,Moussa Doumbia Keleya,Moussa Doumbia,Keleya,spotify:track:22wOMwqWNjm49RCPyX8H5c
748,G Flame Mr G Give N Take EP Pulsez Moods Grooves,,,
749,Mystic Pleasure Back Door Gettin Down,,,
750,New York Community Choir Express Yourself,The New York Community Choir,Express Yourself,spotify:track:455EpREofmPUHBbhl6ruSW
751,Newcleus Jam On Revenge The Wikki Wiki Song,,,
752,Newcleus Auto Man Instrumental,,,
753,PARRIS MITCHELL DJ FUNK Follow Me Ghetto Acid,Parris Mitchell feat. DJ Funk,Follow Me Ghetto (Acid),spotify:track:51xBkDWZsaaXGRzgUG0SQf
754,Patrick Cowley Pagan Rhythms,Patrick Cowley,Pagan Rhythms,spotify:track:7kOkTlboxSkHfvqRy3sN0a
755,Ya Mun Dakhal Bahr Al Hawa,,,
756,Junior Boys Playtime,Junior Boys,Playtime,spotify:track:0SdRJLygskDYZ5PCJu3qDn
757,Selda Ba can 2 Yaz Gazeteci Yaz,,,
758,Memphis Bleek Just Blaze Bleek Free,Memphis Bleek,"Just Blaze, Bleek & Free",spotify:track:7AxXoYI5jRkG8rLNb0O9KV
759,Down And Out Camron Ft Kanye West,,,
760,Cambodian Cassette Archives Sat Tee Touy Look At The Owl,,,
761,The Magnetic Fields Strange powers,The Magnetic Fields,Strange Powers,spotify:track:7ywp9MWERblgkSMoMBugC0
762,Take Ecstasy With Me,The Magnetic Fields,Take Ecstasy With Me,spotify:track:52PiHSidvRdSupgHN6SpUa
763,Caetano Veloso Irene,Caetano Veloso,Irene,spotify:track:4XoyoKQ56FjJO8oa497piC
764,Al Green I Wish You Were Here,,,
765,Nothing's The Same,Drake,"Hold On, We're Going Home",spotify:track:6jdOi5U5LBzQrc4c1VT983
766,Blawan Getting Me Down,,,
767,Aphex Twin Cliffs HD HQ,,,
768,Group Inerane Nadan Al Kazawnin,,,
769,Goldie Timeless,Goldie,Timeless,spotify:track:7q85l1IotccRFlv3GgsvEU
770,The Rolling Stones Sympathy For The Devil HQ,,,
771,Rolling Stones Gimme Shelter,The Rolling Stones,Gimme Shelter,spotify:track:1dv3ePjze9tPq2pk8eWJdR
772,She's a Rainbow Rolling Stones,The Rolling Stones,She's A Rainbow - (Original Single Mono Version),spotify:track:3cHXgre36CNxQ1jkGaZeAq
773,Crosby Stills Nash Young Carry On,"Crosby, Stills, Nash & Young",Carry On,spotify:track:4bjvLvKovcWqZwDbXT5QQX
774,Crosby Stills Nash Young Our House,"Crosby, Stills, Nash & Young",Our House,spotify:track:2hitsKa8SthKhRJBXUHbIv
775,Tim Blake Last Ride Of The Boogie Child,Tim Blake - Crystal Machine,Last Ride Of The Boogie Child,spotify:track:1JmuCGMcpgRAGL1isUDg1p
776,Charles Mingus The Black Saint and the Sinner Lady Track A Solo Dancer,Charles Mingus,"Track A - Solo Dancer (Stop! Look! And Listen, Sinner Jim Whitney!)",spotify:track:1sQoKlaVMfJq3D1QPmuL83
777,Haboob Haboob 07 Time to Be,,,
778,Classic Man Mellow From the deep mix,Wayne Gardiner Pres Classic Man,Mellow - From The Deep Mix,spotify:track:7oQBJVpiE22lf4b3ISPZF4
779,The Monticellos Plaid Stamps By Soul'VenirS,,,
780,Craig Leon She Wears A Hemispherical Skull Cap,,,
781,Arica Heaven,,,
782,Arica Rock,,,
783,LIGHTMEN PLUS ONE ENERGY CONTROL CENTER,The Lightmen Plus One,Energy Control Center,spotify:track:0Wpu0RX1kSyM0GVIfGxZxk
784,James Harpham Voodoo Tronics,,,
785,Skynny Woman Shanghai,,,
786,dj premier remix bone thugs n harmony 1st of the month HQ,,,
787,Jean Jacques Perrey E V A,,,
788,Gang Starr Mass Appeal,Gang Starr,Mass Appeal,spotify:track:1dJNuQQ5Zp06oBlnwpiNzT
789,Gang Starr Nice Smooth DWYCK,Gang Starr,DWYCK - Feat. Nice and Smooth,spotify:track:5Ik3n2wrbDBcEi4CtzpVCr
790,Gang Starr Step in the Arena,Gang Starr,Step In The Arena,spotify:track:7ktOcCYTypSCkMoYppOyTe
791,Gang Starr Code Of The Streets,Gang Starr,Code Of The Streets,spotify:track:2mLjLAlChZXZpIZfyPF8Le
792,Gang Starr Take It Personal,Gang Starr,Take It Personal,spotify:track:1v3lYuw1lgH62He0UkzTOP
793,Group Home Inna Citi Life,,,
794,Group Home Livin' Proof,Group Home,Livin' Proof,spotify:track:6ETW8Q1Xd68dp4Ck1ieE7e
795,Ice Cube Today was a Good Day Remix,,,
796,Fat Joe The Shit Is Real Dj Premier Remix,,,
797,A Tribe Called Quest Check The Rhime,A Tribe Called Quest,Check the Rhime,spotify:track:4HfxDJ0uLHTLe0fZrx0MbQ
798,A Tribe Called Quest Scenario,A Tribe Called Quest,Scenario - LP Mix,spotify:track:0301nLjG0ti26rx5ZmfqtP
799,Electric Relaxation by A Tribe Called Quest,Liquid Audio,Electric Relaxation - Originally Performed By A Tribe Called Quest / Karaoke Instrumental,spotify:track:2KzIp76xvOvbNSR2bHNX8V
800,A Tribe Called Quest Can I Kick It,A Tribe Called Quest,Can I Kick It?,spotify:track:5q6pg1kvXfT7z5MqG0KKSs
801,Luck of Lucien by A Tribe Called Quest,,,
802,Bonita Applebum by A Tribe Called Quest,,,
803,A Tribe Called Quest Sucka Nigga,A Tribe Called Quest,Sucka Nigga,spotify:track:4DcrZLp19qTdBYqc2bgj3V
804,Nas NY State of Mind,Nas,N.Y. State of Mind,spotify:track:5zwz05jkQVT68CjUpPwFZe
805,Nas The World Is Yours,Nas,The World Is Yours,spotify:track:7G3lxTsMfSx4yarMkfgnTC
806,Nas One Love,Nas,One Love,spotify:track:27u3Rh4IWYPdwVST20ALrt
807,Nas Represent,Nas,Represent,spotify:track:6DPrhGVJ1WTZvM9fKptnGe
808,Big L Put It On,Big L,Put It On,spotify:track:6JI5wNWYdBw68GZjOMmgK5
809,Big L Devils Son,Big L,Return of the Devils Son,spotify:track:3rgIbAwOzAEz2YJJDfTbHv
810,Mobb Deep Survival of The Fittest,Mobb Deep,Survival of the Fittest,spotify:track:7N1Vjtzr1lmmCW9iasQ8YO
811,Main Source Live At The Barbeque ft Nasty Nas HD HQ Lyrics,,,
812,Tim Dog ft KRS One I Get Wrecked,,,
813,N W A Straight Outta Compton,,,
814,Kwame The Rhythm,Kwame,The Rhythm,spotify:track:0Vqap6DWhvILPwGvbtlUi5
815,Souls Of Mischief 93 'Til Infinity,Souls Of Mischief,93 'Til Infinity,spotify:track:0PV1TFUMTBrDETzW6KQulB
816,OC Times Up,O.C.,Times Up,spotify:track:4ylWN6WZ9H7GqcBxuvJrCl
817,Camp Lo Luchini AKA This Is It Original,,,
818,EPMD It's My Thing,EPMD,It's My Thing,spotify:track:7BfnmWeEBPLWsIEfybTBYT
819,Diamond D The Psychotic Neurotics Best Kept Secret,,,
820,Grand Puba I Like It I Wanna Be Where You Are,Grand Puba,I Like It (I Wanna Be Where You Are),spotify:track:2HaMsIYFmZkKkUn1NTFPgL
821,Eric B Rakim Don't Sweat The Technique,Eric B. & Rakim,Don't Sweat The Technique,spotify:track:48ZUwXrEOhaXLCxvmRYhZv
822,Public Enemy Shut Em Down Pete Rock Remix,,,
823,Pete Rock C L Smooth They Reminisce Over You Bohemia After Dark,,,
824,The Pharcyde Runnin',The Pharcyde,Runnin',spotify:track:1u48XBRcOxUqU36zOpA6fH
825,Notorious B I G Kick in The Door,,,
826,Notorious B I G Hypnotize ORIGINAL,,,
827,The Notorious B I G Juicy,,,
828,Biggie Smalls Jr M A F I A Get Money,,,
829,Showbiz A G Bounce Ta This,,,
830,Big Daddy Kane Aint No Half Steppin,Big Daddy Kane,Ain't No Half-Steppin',spotify:track:0dNiLb9FEHrRK7VFDJctiR
831,Terrence Parker Claude Young The 4 Play EP Untitled,,,
832,BOSS MAN Steel Mind,,,
833,FKA twigs Two Weeks,FKA twigs,Two Weeks,spotify:track:2UYJqglnOMTvRcqQLNcjjf
834,Daniel Bell aka DBX Blip,,,
835,Bobby Moore Call Me Your Anything Man Tom Moulton Remix Slayd5000,,,
836,Chez Damier Untitled Side A,,,
837,Conrad Schnitzler Ballet Statique,Conrad Schnitzler,Ballet Statique,spotify:track:1N2wgY0CCCrXMstxgunAvp
838,Kraftwerk Autobahn full,,,
839,Nico The Fairest of the Seasons,Nico,The Fairest Of The Seasons,spotify:track:4VxioB0xbhQOnzBjmLH4Dz
840,Miles Davis One and One,Miles Davis,One and One,spotify:track:7jlmo5JvOnnTcUIEn4HoRw
841,John Coltrane Sextet at the Village Vanguard India,,,
842,Audio Two Top Billin' HQ,,,
843,Egg Fugue in D Minor,Egg,Fugue in D Minor,spotify:track:63AQx2o5TWxUv4tIIxK6ki
844,Erkin Koray Karl Da lar Elektronik T rk ler LP,,,
845,Erkin Koray Estarabim,Erkin Koray,Estarabim,spotify:track:6MUbEXyqHZG7jJ5CpWHIvF
846,Captain Beefheart Electricity,Captain Beefheart & His Magic Band,Electricity,spotify:track:0LcfPNErwpUQHoUI2TRS56
847,A Certain Ratio Lucinda,A Certain Ratio,Lucinda,spotify:track:2qqVqqOcw6gvA47vg8RCfg
848,23 Skidoo Coup,23 Skidoo,"Coup - 12"" 45 Version",spotify:track:7cwGGDrvJdnYZvGd1VIZvG
849,23 Skidoo The Gospel Comes To New Guinea,23 Skidoo,The Gospel Comes To New Guinea,spotify:track:3AmkFe5JJsQ8hiJXKAAVk1
850,Papa Ndiaye Gueweul Fond,,,
851,50 Cent In Da Club Get Rich Or Die Trying,,,
852,James Brown I'm Satisfied Underdog Edits,,,
853,TRT Ara M zikleri B6 ec en K z LP'den kaliteli kay t,,,
854,Theo Parrish Dusty Cabinets,,,
855,Thai Orchestra Track One,,,
856,Thai Orchestra Track Seven,,,
857,I Love Every Little Thing About You Syreeta,Syreeta,I Love Every Little Thing About You,spotify:track:45ytXqZ4x2CabClp2YZZha
858,Supermax Kurt Hauenstein Ain't Gonna Feel,,,
859,Suicide Ghost Rider,Suicide,Ghost Rider,spotify:track:4frhZxo7ZiKT1geiL4dGnW
860,Stark Reality Shooting Stars,Stark Reality,Shooting Stars,spotify:track:5rtMBkxKK9i3zDeGKD9uPw
861,A AP Rocky Goldie,A$AP Rocky,Goldie,spotify:track:4go2hxLM6ijk0K76ZY0Nhd
862,Albert Ayler is the Healing Force of the Universe,Albert Ayler,Music Is The Healing Force Of The Universe,spotify:track:25C3J2nDaAyhburz4tsrAs
863,Andre Tanker River Come Down,Andre Tanker,River Come Down,spotify:track:0KU4fMVLr7zJ8EQ0wuabjG
864,DORIS NORTON Personal Computer original,,,
865,Barney Wilen Zombizar,Barney Wilen,Zombizar,spotify:track:1R4muiqwAGOnBv3hwpXIlc
866,Tshetsha Boys Nwa Pfundla,,,
867,Max Berlin Elle et moi,Max Berlin,Elle Et Moi - Joakim Remix,spotify:track:3Vzro3DUtrhzhOOoZzcP1v
868,Moolah The Hard Hit,Moolah,The Hard Hit,spotify:track:1ma86mtwyoOFaZo52YmAgO
869,O Ter o Adormeceu,,,
870,Ol' Dirty Bastard Shimmy Shimmy Ya Explicit,,,
871,Sanjina Orchestre Regional De Kayes,Orchestre Régional De Kayes,Sanjina,spotify:track:0JZ6xwDc06BfvxkvyWedw5
872,personal touch it aint no big thing,,,
873,Aphex Twin Untitled Four Tet Remix,,,
874,Pugh Rogefeldt Love Love Love,Pugh Rogefeldt,"Love, Love, Love",spotify:track:06pCe1Y6j7kTi6tt2qeMP1
875,Rah Digga Break Fool HQ Dirty,,,
876,Richard Pinhas Indicatif Radio,,,
877,TC CREW I CANT DO IT ALONE TYREES MIX,,,
878,Sonya Spence Let Love Flow On High Note,,,
879,Cortex Huit Octobre,Cortex,Huit octobre 1971,spotify:track:48OrOapThk0gkfywFyeCe3
880,Mr Figz This Ain't Us V I P FULL,,,
881,Mr Figz Headlock Imogen Heap,,,
882,Morgan Geist 24k,,,
883,Alex Lee 'One More Time',,,
884,Younger Than Park ''Double EP'' Can't Turn Back Claude's Low Key Mix,,,
885,Milton Nascimento Tudo o que voc podia ser,,,
886,Milton Nascimento Para Lennon e McCartney,Milton Nascimento,Para Lennon e Mccartney,spotify:track:4Hr5VM6DtRAy8eD3bqNb0o
887,Augustus Pablo King Tubby Meets Rockers Uptown,Augustus Pablo,King Tubby Meets The Rockers Uptown,spotify:track:6iJVuH9KM1oW1Ib9O3tRdu
888,King Tubby Flag Dub,King Tubby,Flag Dub,spotify:track:1l0mUYnJmitb6GdUNiB9z5
889,King Tubby Badness Dub,King Tubby,King Tubby's Badness - Dub,spotify:track:45AUCuWrjZ7zDj187sbcbY
890,3 Generations Walking Midnight Bustling,3 Generations Walking,Midnight Bustling - Francois Kevorkian Dub,spotify:track:1eVzvz8ghv3vH4z8Qaqb35
891,DUB LP SCIENTIST MEETS THE SPACE INVADERS Dematerialize,,,
892,Noel Ellis Reach My Destiny,Noel Ellis,Reach My Destiny,spotify:track:3Kr9VJpMRaOgrNO6qWObQL
893,Linval Thompson Lump Sum Dub Dokrasta S lection,,,
894,Relance Gal Costa,Gal Costa,Relance,spotify:track:7L9Sc5fg9daMPO2PjC7Lup
895,ESTRELAR MARCOS VALLE ORIGINAL ANO HQ,,,
896,Musique du Burundi Akazehe,,,
897,Haidara Djeli Moussa Diawara Yasimika Abidjan,Djeli Moussa Diawara,Haidara,spotify:track:4J9ox73nwNrIfANE92Mz4b
898,the meaning of love steve kuhn,Karin Krog,The Meaning of Love (feat. Steve Kuhn),spotify:track:3w07E0blWvQIDUQ1xA3ayI
899,L'Orchestre Kanaga De Mopti N'do N'do,L'Orchestre Kanaga de Mopti,N'do N'do,spotify:track:5D6B1JdD6DxAB86teAwR0t
900,Marijata I Walk Alone,Marijata,I Walk Alone,spotify:track:6sVm6ik1mXyXlDFexORZpQ
901,Na Hawa Doumbia Koro Dia,Na Hawa Doumbia,Korô Dia (à Mamaye Dramé L'inoubliable),spotify:track:3Ur34XN0cPU1md2Mj75eML
902,Na Hawa Doumbia Dan te dinye la,Na Hawa Doumbia,Dan Té Dinyé La,spotify:track:4KdvpkgPXOs411uCSvgd1d
903,Mahmoud Ahmed with the Ibex Band Jegol New Betwa MP4,,,
904,Orchestre Rail Band De Bamako Mali C belenw,,,
905,Amanaz Green Apple,,,
906,Kalyanji Anandji Dharmatma Theme Sad,,,
907,Le Myst re Jazz de Tombouctou Dina Waliji,,,
908,Intriya Ag Babo Taliat,,,
909,Ne Noya Cos Ber Zam,Daphni,Cos-Ber-Zam Ne Noya - Daphni Mix,spotify:track:73gFXHLfw8ym6guep2XaIb
910,Hamza Wassila,,,
911,Group Anmattaf aka Baye Tinariwen,,,
912,Tlahoun Gessesse Aykedashem Lebe,Tlahoun Gessesse,Aykedashem Lebe,spotify:track:6lxsPuAsGNz7Ys3ahPWaY9
913,Nico Gomez His Afro Percussion Inc Lupita,Nico Gomez And His Afro Percussion Inc.,Lupita,spotify:track:28oJGB2V8pVMMoE34BPn0u
914,Ofege It's Not Easy,Ofege,It's Not Easy,spotify:track:2pm72A1aBHKwqr05xaDW8h
915,Spiritual Singers Come and Save Us,,,
916,W42 Volta Jazz Mama Soukous,,,
917,Amas Slow Down,,,
918,Moussa Doumbia Keleya Long Alternate LP Version,,,
919,Mawethu Amampondo Live Heartbeat of Africa,,,
920,Houn Pierre L'Orchestre Belier Andralex Mansou Djouwi,,,
921,Group Doueh Wazan Samat,,,
922,Group Doueh Kar Labyad Doueh,,,
923,Staff Carpenborg And The Electric Corona The Every Days Way Down To The Suburbs,,,
924,H sn zkartal Orkestras u Derenin Sular,,,
925,Ata Kak Daa Nyinaa,,,
926,Kris Okotie I Need Someone Audio,,,
927,Dizzy K Falola Excuse me baby,,,
928,Gwakasonne Guadeloupe Algerie 62 Gwo Ka Jazz Musique Antillaise,,,
929,Youvalou Rada La nature en personne,Toubabou,Youvalou Rada - La nature en personne,spotify:track:4hLHwXYhmA752flxRn0vPo
930,Chaweewan Dumnern 01 Lam Tung Wai,,,
931,Omar Souleyman Leh Jani,,,
932,guitar from agadez,,,
933,Liberty City Some Lovin Deep Dub,,,
934,Faces Drums Steve Poindexter Jamal Moss Faces Drums 2 Faces Drums Short Circut 2005,,,
935,Ms Jade Jade's a Champ,Ms. Jade,Jade's A Champ,spotify:track:3Z1qV8CLOJaCfqJY5N73KZ
936,Madlib Early Party,Madlib,Early Party,spotify:track:4STAnNAkF2dKnYLkapJ1f7
937,Slum Village Players Prod By J Dilla,,,
938,WAYNE WINSLOW Time Space,,,
939,Joao Cerilo Po' D'Terra,,,
940,I G Disco Power LP Don perdros,,,
941,Rob Forgive us all,Rob,Forgive Us All,spotify:track:0VD6S8EDbHXa6A6mxKcVDS
942,Moondog Enough about human rights,Moondog,Enough About Human Rights,spotify:track:1gIrHxLoEDI4r7jB5zQ3ij
943,Moondog Avenue Of The Americas,Moondog,Avenue of the Americas (51st Street),spotify:track:5JCJ60VbMuinHvratozQm3
944,sun ra nuclear war,Sun Ra,Nuclear War,spotify:track:2Pl17IwiiKduphxaClkIHA
945,Sun Ra UFO,Sun Ra,UFO,spotify:track:6ZXdpPtaysB6ykU9RJD3Nt
946,The Dells No Way Back Ron Hardy Edit,,,
947,throbbing gristle dream machine,,,
948,H Tical Laser,,,
949,Ornette Coleman Lonely Woman,Ornette Coleman,Lonely Woman,spotify:track:23aDP04QX8MAHA99FLaPtN
950,Dancing in Your Head Side 1 Theme from a Symphony 1,,,
951,Don Cherry Brown Rice,Don Cherry,Brown Rice,spotify:track:5msorqVYNksLrA1CPQsipk
952,Albert Ayler Quintet Truth is marching in,Albert Ayler Quintet,Truth Is Marching In,spotify:track:0a8r8iZLvuEB2ePkZkUeA2
953,Rhythim Is Rhythim Strings of Life Original Mix,,,
954,A Guy Called Gerald Voodoo Ray,A Guy Called Gerald,Voodoo Ray - HAC09 Manray Edit,spotify:track:2kwKMOkm65D1ZP5GFGm1MF
955,Drexciya You Don't Know,,,
956,Taxie Rock Don't Stop Extended Mix,,,
957,Joe Moks Boys And Girls,,,
958,Mulatu Astatke Emnete,Mulatu Astatke,Emnete,spotify:track:40jnVqUZGLEabC2Z7lnIZJ
959,Burial Four Tet Moth,Burial + Four Tet,Moth,spotify:track:6BXvSPUVossmiwVKpYIu2m
960,Ricardo Villalobos Dexter,,,
961,Ricardo Villalobos Enfants chants,,,
962,My Bloody Valentine Soon,My Bloody Valentine,Soon,spotify:track:7ITRNB9OckYIp2SW2iXU8U
963,My Bloody Valentine Lose My Breath,My Bloody Valentine,Lose My Breath,spotify:track:1Ma06PrhbT07YFTlM48rAK
964,JACKYE JOHNSON How Tough It Was RANBILSON,,,
965,Armin Rusch Moon Morning Beat For Lovers Drums Breaks,,,
966,Ojeda Penn Brotherson long jazz funk instrumental version Ife Records,,,
967,Kalaparusha Maurice McIntyre Humility in the Light of the Creator Alternate,,,
968,Bill Withers You Got The Stuff_ Cut Baia Sound,,,
969,Cola Bottle Shape Edwin Birdsong,,,
970,Caetano Veloso Lost in the Paradise,Caetano Veloso,Lost In The Paradise,spotify:track:6xm3jAHQrrmtGs1P9wTG7v
971,Mike Kounou my native land My native land affair,,,
972,Fuck Buttons Olympians,Fuck Buttons,Olympians,spotify:track:6AaenV3zr7U7gDF8dmLh12
973,ROUND ROBIN AND BRIMSTONE Our love is so true PLATINIUM CITY,,,
974,Dewey Redman Lop O Lop,,,
975,Amral's Trinidad Cavaliers Steel Orchestra Oye Como Va,,,
976,El B El Brand Dub Mix,,,
977,kodek tim toum,Kodek,Tim Toum,spotify:track:7cHM5tmopNq4N66gWF3HEO
978,Gil Scott Heron The Bottle,Gil Scott-Heron,The Bottle,spotify:track:2hpxBaHgCfbsSSuTkSLbuh
979,Neveen Salah Ragab and the Cairo Jazz Band,Salah Ragab,Neveen,spotify:track:1ZxolB0V4gv0fkptjzz4hu
980,Urban Sax Part 1,Gilbert Artman,Part 1 in E-Flat Minor,spotify:track:7gTjBJZB9TAxb0YYnQrsZm
981,Jerry Washington Don't Waste My Time,Jerry Washington,Don't Waste My Time,spotify:track:22FFHSigcyXJFRfYDFLuik
982,Bill Loko Nen lambo Cameroun,,,
983,Sons of Darkness Funky Thing,Sons of Darkness,Funky Thing,spotify:track:0DCDYbTDkc1wjqlDmWfZDC
984,Connie Laverne Can't Live Without You,Connie Laverne,Can't Live Without You,spotify:track:6SUmbOhYmqcqH39rdFIGtL
985,Right on for The Darkness Curtis Mayfield,Curtis Mayfield,Right On For Darkness,spotify:track:6vFJ60FFA75rVW512ANN9L
986,Curtis Mayfield We Got To Have Peace,Curtis Mayfield,We Got To Have Peace,spotify:track:1Hqtsr4UAaj495dQxFqdk8
987,Mr Morse His New Alphaband S O S I'm In Love,,,
988,Dedalus CT 6,Dedalus,CT 6,spotify:track:1rAevACi4VVOy1xpG6M1eb
989,ENCHANTMENT Call On Me,,,
990,Tantra A Place Called Tarot,Tantra,A Place Called Tarot - Idjut Boys Re-Edit (DITS Edit),spotify:track:6T5dtfiU7XCq5AiwuoHoWY
991,Marvin Gaye Sanctified Lady,Marvin Gaye,Sanctified Lady,spotify:track:4qGgCG44YaybkBZtVJZ2bo
992,The jimi hendrix experience Bold as love lyrics in description,,,
993,Paris Smith Quintet Thought Seeds Thought Seeds,,,
994,Salma Agha Come Closer,Salma Agha,Come Closer,spotify:track:7rEA9CAfRpLpSrPf20WENO
995,Shake Lost In Space,Shake,Lost in Space (edit),spotify:track:2tUB8ENnsZP61qCn6rHNpT
996,Timeless Legend I Was Born To Love You Modern Soul Classics,,,
997,Bob Lind Cool Summer,,,